time,wristR,elbowR,shoulderR,thoraxR,axillaR,scapulaR,backR,backL,scapulaL,axillaL,thoraxL,shoulderL,elbowL,wristL,accelX,accelY,accelZ,gyroX,gyroY,gyroZ
16:09:10.559,220,401,545,299,423,437,302,252,375,318,239,437,406,239,120,-7800,-3008,112,-948,74
16:09:10.576,219,401,544,299,424,437,302,251,375,318,239,437,406,239,208,-7704,-2592,155,-995,-9
16:09:10.592,219,400,544,298,423,435,302,252,375,318,239,437,406,239,244,-7764,-3048,208,-883,71
16:09:10.626,218,399,543,296,422,436,300,251,375,318,239,438,406,239,176,-7720,-3008,118,-976,113
16:09:10.642,218,399,543,296,422,436,300,251,375,318,239,438,406,239,176,-7720,-3008,118,-976,113
16:09:10.659,218,399,543,296,422,436,300,251,375,318,239,438,406,239,176,-7720,-3008,118,-976,113
16:09:10.675,218,399,543,296,422,436,300,251,375,318,239,438,406,239,176,-7720,-3008,118,-976,113
16:09:10.691,220,401,544,298,424,437,301,252,375,318,239,438,406,240,-216,-7648,-3020,192,-944,60
16:09:10.725,218,399,544,297,423,436,302,252,375,317,239,439,406,239,212,-7708,-2924,125,-916,-7
16:09:10.741,220,400,544,298,423,437,300,251,375,318,238,439,406,239,-184,-7760,-2916,160,-923,-30
16:09:10.758,220,400,543,298,422,436,298,251,375,317,238,439,406,239,152,-7736,-2988,184,-902,27
16:09:10.775,220,400,544,298,423,436,301,251,374,317,239,438,406,239,120,-7864,-2968,148,-952,12
16:09:10.791,218,400,545,297,423,436,300,251,375,316,239,439,406,239,232,-7632,-2608,144,-870,27
16:09:10.824,219,400,545,298,423,435,300,251,375,318,238,437,406,240,-224,-7752,-3016,167,-895,18
16:09:10.841,219,400,545,298,423,435,300,251,375,318,238,437,406,240,-224,-7752,-3016,167,-895,18
16:09:10.857,219,400,545,298,423,435,300,251,375,318,238,437,406,240,-224,-7752,-3016,167,-895,18
16:09:10.874,219,400,545,298,423,435,300,251,375,318,238,437,406,240,-224,-7752,-3016,167,-895,18
16:09:10.890,219,399,544,298,423,436,299,250,376,317,238,439,406,238,-164,-7652,-3048,207,-906,-70
16:09:10.924,219,399,544,298,423,436,299,250,376,317,238,439,406,238,-164,-7652,-3048,207,-906,-70
16:09:10.940,219,399,544,298,423,436,299,250,376,317,238,439,406,238,-164,-7652,-3048,207,-906,-70
16:09:10.957,219,399,544,298,423,436,299,250,376,317,238,439,406,238,-164,-7652,-3048,207,-906,-70
16:09:10.973,219,399,544,298,423,436,299,250,376,317,238,439,406,238,-164,-7652,-3048,207,-906,-70
16:09:10.990,219,400,544,295,422,436,298,250,375,318,238,438,405,239,216,-7712,-3028,120,-842,-23
16:09:11.023,219,399,545,298,423,436,299,250,376,318,237,438,406,239,-240,-7680,-2592,209,-882,4
16:09:11.040,219,399,545,298,423,436,299,250,376,318,237,438,406,239,-240,-7680,-2592,209,-882,4
16:09:11.056,218,399,542,297,423,436,296,250,375,316,238,438,406,239,160,-7552,-3012,160,-911,-33
16:09:11.073,218,399,542,297,423,436,296,250,375,316,238,438,406,239,160,-7552,-3012,160,-911,-33
16:09:11.106,218,399,544,296,423,436,297,250,376,317,237,437,406,239,236,-7724,-3004,142,-900,-4
16:09:11.122,218,399,544,296,423,436,297,250,376,317,237,437,406,239,236,-7724,-3004,142,-900,-4
16:09:11.139,219,399,546,297,424,435,298,250,376,318,237,435,406,239,184,-7888,-2604,106,-925,60
16:09:11.156,219,399,546,298,423,436,298,250,376,318,237,437,405,239,-184,-7612,-3000,252,-967,-88
16:09:11.172,219,399,546,298,423,436,298,250,376,318,237,437,405,239,-184,-7612,-3000,252,-967,-88
16:09:11.205,219,399,547,298,424,436,297,250,376,318,237,436,406,239,252,-7628,-3024,155,-564,-47
16:09:11.222,219,399,547,298,424,436,297,250,376,318,237,436,406,239,252,-7628,-3024,155,-564,-47
16:09:11.239,219,399,547,297,421,436,296,250,375,318,237,435,406,238,-112,-7672,-2952,188,-860,2
16:09:11.255,218,397,548,296,423,436,297,250,374,317,237,436,406,239,-168,-7684,-2948,138,-947,71
16:09:11.271,218,397,548,296,423,436,297,250,374,317,237,436,406,239,-168,-7684,-2948,138,-947,71
16:09:11.305,217,399,545,297,423,436,295,250,376,318,237,435,406,239,236,-7624,-2984,189,-991,144
16:09:11.321,217,399,545,297,423,436,295,250,376,318,237,435,406,239,236,-7624,-2984,189,-991,144
16:09:11.338,218,398,544,297,420,435,295,250,375,317,237,434,406,239,-192,-7680,-2940,119,-967,65
16:09:11.354,219,399,546,298,423,435,296,251,374,318,237,435,406,239,-240,-7668,-2968,191,-929,58
16:09:11.371,219,399,546,298,423,435,296,251,374,318,237,435,406,239,-240,-7668,-2968,191,-929,58
16:09:11.404,218,399,545,295,422,436,295,250,376,319,237,435,406,239,-248,-7692,-2956,167,-948,0
16:09:11.421,218,399,545,295,422,436,295,250,376,319,237,435,406,239,-248,-7692,-2956,167,-948,0
16:09:11.437,218,399,545,295,422,436,295,250,376,319,237,435,406,239,-248,-7692,-2956,167,-948,0
16:09:11.454,217,399,546,297,424,435,297,250,375,318,237,434,406,238,232,-7728,-2932,137,-948,-37
16:09:11.471,219,399,544,297,423,434,297,250,376,317,237,435,405,239,-244,-7628,-2876,122,-901,42
16:09:11.503,219,399,545,298,423,435,297,250,378,318,237,435,406,239,-140,-7652,-2996,104,-903,12
16:09:11.520,217,399,546,296,423,433,294,249,377,318,237,436,405,239,-212,-7708,-3008,92,-900,55
16:09:11.536,217,399,546,296,423,433,294,249,377,318,237,436,405,239,-212,-7708,-3008,92,-900,55
16:09:11.553,217,399,547,295,422,436,295,250,377,317,237,436,405,239,-192,-7628,-2888,98,-910,-8
16:09:11.570,217,399,547,295,422,436,295,250,377,317,237,436,405,239,-192,-7628,-2888,98,-910,-8
16:09:11.603,217,399,548,296,423,433,294,250,377,317,235,436,405,239,-176,-7480,-3024,120,-896,-13
16:09:11.620,217,399,548,296,423,433,294,250,377,317,235,436,405,239,-176,-7480,-3024,120,-896,-13
16:09:11.636,217,399,548,296,423,433,294,250,377,317,235,436,405,239,-176,-7480,-3024,120,-896,-13
16:09:11.652,217,399,548,296,423,433,294,250,377,317,235,436,405,239,-176,-7480,-3024,120,-896,-13
16:09:11.685,219,400,551,298,423,433,294,250,378,317,236,435,407,239,184,-7656,-2980,68,-934,39
16:09:11.702,219,400,551,298,423,433,294,250,378,317,236,435,407,239,184,-7656,-2980,68,-934,39
16:09:11.719,216,399,552,295,423,434,294,249,377,316,236,434,405,238,180,-7712,-2876,80,-1018,74
16:09:11.735,218,400,553,297,423,433,295,250,377,316,236,435,405,239,-220,-7716,-2912,125,-989,-26
16:09:11.752,218,400,553,297,423,433,295,250,377,316,236,435,405,239,-220,-7716,-2912,125,-989,-26
16:09:11.786,218,400,553,297,423,434,295,250,376,316,236,435,405,239,-176,-7760,-2872,125,-964,-21
16:09:11.802,217,399,554,296,423,432,295,249,377,316,236,435,405,238,-212,-7676,-2860,151,-949,22
16:09:11.818,217,399,554,296,423,432,295,249,377,316,236,435,405,238,-212,-7676,-2860,151,-949,22
16:09:11.835,217,399,554,296,423,432,295,249,377,316,236,435,405,238,-212,-7676,-2860,151,-949,22
16:09:11.851,217,399,554,296,423,432,295,249,377,316,236,435,405,238,-212,-7676,-2860,151,-949,22
16:09:11.885,218,400,553,297,423,433,293,249,377,317,236,433,405,238,-100,-7668,-2920,112,-924,-2
16:09:11.901,218,400,553,297,423,433,293,249,377,317,236,433,405,238,-100,-7668,-2920,112,-924,-2
16:09:11.917,218,399,553,295,425,432,295,250,378,318,236,433,405,238,-128,-7728,-3028,85,-959,69
16:09:11.934,218,399,553,295,425,432,295,250,378,318,236,433,405,238,-128,-7728,-3028,85,-959,69
16:09:11.951,218,399,553,295,425,432,295,250,378,318,236,433,405,238,-128,-7728,-3028,85,-959,69
16:09:11.984,219,399,551,296,423,433,295,249,377,317,236,434,404,239,244,-7640,-2864,174,-884,-2
16:09:12.000,218,400,552,295,422,433,295,250,378,317,236,434,405,239,-96,-7768,-2892,87,-898,58
16:09:12.017,218,400,552,295,422,433,295,250,378,317,236,434,405,239,-96,-7768,-2892,87,-898,58
16:09:12.034,218,400,552,295,422,433,295,250,378,317,236,434,405,239,-96,-7768,-2892,87,-898,58
16:09:12.050,218,400,552,295,422,433,295,250,378,317,236,434,405,239,-96,-7768,-2892,87,-898,58
16:09:12.084,218,400,552,295,422,433,295,250,378,317,236,434,405,239,-96,-7768,-2892,87,-898,58
16:09:12.100,218,400,552,297,423,433,294,250,377,317,236,432,405,239,204,-7708,-2952,67,-956,31
16:09:12.116,219,400,550,297,423,433,295,250,377,316,236,432,405,238,-84,-7604,-2908,100,-876,58
16:09:12.133,217,400,550,295,423,434,295,249,377,317,236,432,405,238,-128,-7604,-2996,136,-980,53
16:09:12.166,218,399,548,297,423,433,294,250,375,318,236,432,405,239,-220,-7680,-2852,151,-924,29
16:09:12.183,217,400,548,295,422,434,294,250,375,317,237,433,405,238,-164,-7704,-2884,119,-920,-30
16:09:12.199,217,400,548,295,422,434,294,250,375,317,237,433,405,238,-164,-7704,-2884,119,-920,-30
16:09:12.216,219,399,549,297,423,433,295,250,376,318,236,431,405,238,128,-7676,-2892,57,-849,97
16:09:12.232,219,400,548,297,423,434,295,251,375,317,236,432,405,239,-236,-7704,-3324,121,-849,89
16:09:12.265,219,400,547,296,422,434,294,249,375,317,237,432,403,239,-256,-7840,-2976,86,-831,29
16:09:12.282,218,399,548,296,423,434,296,249,376,317,236,432,405,239,-228,-7572,-2928,148,-994,59
16:09:12.299,218,399,548,296,423,434,296,249,376,317,236,432,405,239,-228,-7572,-2928,148,-994,59
16:09:12.315,217,400,548,295,422,434,295,250,375,317,236,432,405,239,-192,-7744,-2988,127,-951,55
16:09:12.332,219,399,548,294,422,434,294,250,375,318,236,433,405,238,192,-7520,-3060,130,-933,23
16:09:12.365,218,400,548,296,425,434,295,250,375,318,236,432,405,239,-128,-7612,-2904,96,-827,-52
16:09:12.382,218,400,548,296,423,434,296,250,375,317,236,432,405,239,204,-7704,-3004,97,-901,31
16:09:12.398,218,399,547,295,422,434,295,250,375,317,236,432,405,238,220,-7756,-3020,114,-930,45
16:09:12.414,218,399,547,295,422,434,295,250,375,317,236,432,405,238,220,-7756,-3020,114,-930,45
16:09:12.431,219,400,548,297,423,434,295,250,375,315,236,431,404,239,116,-7764,-2932,115,-943,28
16:09:12.465,219,401,547,295,423,432,295,249,377,317,237,431,405,239,208,-7692,-3012,150,-911,53
16:09:12.481,219,399,547,297,423,435,296,249,376,318,236,432,404,239,224,-7568,-2940,154,-924,47
16:09:12.498,219,399,547,297,423,435,296,249,376,318,236,432,404,239,224,-7568,-2940,154,-924,47
16:09:12.514,218,400,547,296,424,435,296,250,376,317,237,431,404,239,192,-7592,-2988,107,-899,-8
16:09:12.531,218,400,547,297,423,435,295,250,375,317,236,431,405,239,200,-7804,-3040,86,-959,43
16:09:12.564,218,399,545,293,422,435,295,250,378,317,236,431,404,238,-192,-7712,-3032,140,-877,-10
16:09:12.580,218,400,545,295,423,435,295,249,376,318,237,432,405,239,-228,-7692,-2916,157,-913,-44
16:09:12.597,218,400,545,295,423,435,295,249,376,318,237,432,405,239,-228,-7692,-2916,157,-913,-44
16:09:12.614,219,400,545,296,423,435,295,250,376,317,236,431,405,239,180,-7796,-2964,111,-886,-68
16:09:12.631,219,400,545,296,422,434,295,250,376,317,236,431,405,239,176,-7592,-3064,151,-939,-103
16:09:12.663,219,400,546,296,423,434,296,250,377,318,237,431,405,240,-220,-7648,-2848,191,-928,-88
16:09:12.680,219,400,546,296,423,435,296,251,377,318,236,430,404,239,208,-7644,-3004,85,-947,40
16:09:12.696,219,400,546,296,423,435,296,251,377,318,236,430,404,239,208,-7644,-3004,85,-947,40
16:09:12.713,219,401,546,298,423,434,296,250,377,317,237,432,404,239,248,-7696,-2956,97,-833,-58
16:09:12.746,217,397,544,294,422,434,296,251,377,318,236,432,405,239,144,-7728,-2972,103,-944,-64
16:09:12.763,217,397,544,294,422,434,296,251,377,318,236,432,405,239,144,-7728,-2972,103,-944,-64
16:09:12.779,217,397,544,294,422,434,296,251,377,318,236,432,405,239,144,-7728,-2972,103,-944,-64
16:09:12.796,219,400,544,296,422,434,295,251,377,318,236,431,404,238,200,-7644,-3048,80,-913,32
16:09:12.812,219,400,544,296,422,434,295,251,377,318,236,431,404,238,200,-7644,-3048,80,-913,32
16:09:12.845,220,400,545,295,423,433,296,249,377,317,236,431,404,239,152,-7760,-3008,148,-920,10
16:09:12.862,219,400,545,297,423,433,296,250,378,317,237,431,405,239,252,-7688,-3012,197,-922,65
16:09:12.878,219,400,543,294,422,434,294,250,377,318,237,431,404,238,-96,-7684,-3032,119,-883,17
16:09:12.895,219,400,543,294,422,434,294,250,377,318,237,431,404,238,-96,-7684,-3032,119,-883,17
16:09:12.912,219,400,543,294,422,434,294,250,377,318,237,431,404,238,-96,-7684,-3032,119,-883,17
16:09:12.945,219,400,545,296,423,433,296,249,377,318,236,428,404,239,-100,-7704,-3052,136,-871,18
16:09:12.961,219,400,545,296,423,433,296,249,377,318,236,428,404,239,-100,-7704,-3052,136,-871,18
16:09:12.978,219,400,544,296,423,433,295,249,378,317,236,431,404,239,-200,-7752,-2976,178,-963,-41
16:09:12.994,219,400,544,296,423,433,295,249,378,317,236,431,404,239,-200,-7752,-2976,178,-963,-41
16:09:13.011,219,401,544,295,423,433,295,249,377,317,236,430,405,239,-228,-7724,-2568,207,-913,52
16:09:13.044,219,400,544,296,423,434,295,249,378,317,236,431,405,239,-224,-7712,-2980,145,-883,-14
16:09:13.061,219,400,545,295,423,434,294,249,377,317,236,431,405,239,-188,-7660,-2964,157,-897,35
16:09:13.078,219,400,545,296,423,435,294,249,377,317,235,431,404,239,-244,-7700,-3036,117,-866,32
16:09:13.094,219,399,545,295,423,435,293,249,378,317,235,431,404,239,-200,-7692,-3056,190,-922,118
16:09:13.110,219,399,545,295,423,435,293,249,378,317,235,431,404,239,-200,-7692,-3056,190,-922,118
16:09:13.143,219,400,547,296,423,434,294,248,378,317,236,431,405,239,-176,-7808,-2980,179,-880,-8
16:09:13.160,219,400,547,296,423,434,294,248,378,317,236,431,405,239,-176,-7808,-2980,179,-880,-8
16:09:13.177,219,400,547,296,423,434,294,248,378,317,236,431,405,239,-176,-7808,-2980,179,-880,-8
16:09:13.194,220,400,547,295,420,433,292,248,378,318,236,431,405,239,-224,-7716,-2992,188,-945,-14
16:09:13.210,220,400,548,295,423,434,294,248,378,317,235,430,405,239,-88,-7740,-2944,214,-878,84
16:09:13.243,219,400,547,294,423,435,294,249,378,318,235,432,404,239,-228,-7636,-2996,173,-889,72
16:09:13.260,218,400,546,295,423,436,292,249,378,317,235,432,405,238,216,-7636,-3068,129,-905,-34
16:09:13.276,218,400,546,295,423,436,292,249,378,317,235,432,405,238,216,-7636,-3068,129,-905,-34
16:09:13.293,219,399,547,295,424,434,294,249,378,317,235,432,404,239,244,-7752,-2888,170,-930,91
16:09:13.326,220,399,548,295,424,436,294,249,378,317,235,431,405,239,-216,-7576,-2972,75,-900,74
16:09:13.343,220,399,548,295,424,436,294,249,378,317,235,431,405,239,-216,-7576,-2972,75,-900,74
16:09:13.359,220,399,547,296,423,436,292,249,377,318,235,431,405,238,-248,-7732,-3020,169,-972,22
16:09:13.376,219,399,547,294,423,435,294,249,378,318,235,429,405,239,-176,-7704,-3312,190,-906,-30
16:09:13.392,219,399,547,294,423,435,294,249,378,318,235,429,405,239,-176,-7704,-3312,190,-906,-30
16:09:13.425,219,399,545,296,424,435,294,249,378,318,235,432,405,239,-180,-7504,-2672,101,-894,-41
16:09:13.442,219,399,544,294,423,436,293,248,378,317,235,431,405,239,172,-7612,-2920,77,-932,-20
16:09:13.459,219,399,544,294,423,436,293,248,378,317,235,431,405,239,172,-7612,-2920,77,-932,-20
16:09:13.475,219,399,544,295,423,435,293,249,378,317,235,431,406,239,-160,-7752,-3028,5,-906,53
16:09:13.492,218,398,543,294,423,435,292,249,378,318,235,432,405,239,-232,-7808,-3068,92,-947,34
16:09:13.524,219,399,545,295,423,434,294,249,378,318,235,431,405,239,228,-7780,-2948,107,-866,-85
16:09:13.541,220,398,544,295,423,434,294,249,378,318,235,432,405,238,240,-7640,-2972,209,-967,-3
16:09:13.557,220,398,544,295,423,434,294,249,378,318,235,432,405,238,240,-7640,-2972,209,-967,-3
16:09:13.575,219,398,541,296,423,433,293,249,377,318,235,432,405,239,-84,-7492,-3028,159,-923,-73
16:09:13.591,218,396,542,294,423,433,295,249,376,317,235,432,406,238,-112,-7724,-3000,102,-910,8
16:09:13.624,218,396,542,294,423,433,295,249,376,317,235,432,406,238,-112,-7724,-3000,102,-910,8
16:09:13.640,218,396,542,294,423,433,295,249,376,317,235,432,406,238,-112,-7724,-3000,102,-910,8
16:09:13.657,218,396,543,294,423,432,292,248,376,317,234,432,405,239,-152,-7764,-2920,147,-876,18
16:09:13.674,219,397,543,294,422,431,293,249,377,317,235,432,405,239,-200,-7636,-2892,116,-888,12
16:09:13.690,219,397,543,294,422,431,293,249,377,317,235,432,405,239,-200,-7636,-2892,116,-888,12
16:09:13.723,219,396,543,296,422,431,293,249,375,316,235,432,404,239,-144,-7640,-2984,96,-928,-26
16:09:13.740,219,396,543,295,423,431,293,249,376,317,235,432,404,238,-180,-7632,-2964,77,-855,63
16:09:13.756,218,394,542,293,421,431,293,248,375,316,235,431,404,238,-100,-7872,-2960,124,-977,-49
16:09:13.773,218,394,542,293,421,431,293,248,375,316,235,431,404,238,-100,-7872,-2960,124,-977,-49
16:09:13.790,219,395,543,295,421,430,292,248,375,316,235,431,404,238,228,-7704,-3000,149,-912,98
16:09:13.823,219,395,543,295,421,430,292,248,375,316,235,431,404,238,228,-7704,-3000,149,-912,98
16:09:13.839,216,395,544,292,420,429,291,248,374,317,234,431,404,239,-152,-7652,-3028,152,-920,21
16:09:13.856,218,394,544,294,423,429,291,248,375,317,235,430,404,238,-212,-7672,-2984,165,-971,38
16:09:13.873,218,394,544,294,423,429,291,248,375,317,235,430,404,238,-212,-7672,-2984,165,-971,38
16:09:13.906,218,394,545,296,421,430,291,247,374,316,235,431,404,238,-224,-7652,-2932,179,-963,25
16:09:13.922,218,394,545,295,421,429,292,247,374,317,235,431,405,238,-248,-7720,-2952,103,-875,89
16:09:13.939,218,394,545,295,421,429,292,247,374,317,235,431,405,238,-248,-7720,-2952,103,-875,89
16:09:13.956,218,394,545,295,420,428,291,246,373,316,235,431,404,238,-200,-7544,-2852,107,-890,82
16:09:13.972,217,395,546,295,420,430,291,247,373,316,234,431,404,238,252,-7712,-2948,172,-514,25
16:09:14.005,217,395,546,295,420,430,291,247,373,316,234,431,404,238,252,-7712,-2948,172,-514,25
16:09:14.021,216,393,546,293,419,428,290,246,374,315,234,432,404,237,-184,-7592,-2672,58,-976,34
16:09:14.039,216,393,546,293,419,428,290,246,374,315,234,432,404,237,-184,-7592,-2672,58,-976,34
16:09:14.055,216,393,546,293,419,428,290,246,374,315,234,432,404,237,-184,-7592,-2672,58,-976,34
16:09:14.071,215,392,544,293,419,429,291,247,374,316,234,432,404,238,-228,-7636,-2920,46,-1273,49
16:09:14.105,217,393,541,295,419,428,291,247,374,315,234,432,404,237,252,-7712,-3016,152,-977,32
16:09:14.121,217,393,544,295,419,427,290,247,373,315,234,432,403,238,156,-7656,-2976,100,-918,46
16:09:14.137,217,393,544,295,419,427,290,247,373,315,234,432,403,238,156,-7656,-2976,100,-918,46
16:09:14.154,217,393,544,295,419,427,290,247,373,315,234,432,403,238,156,-7656,-2976,100,-918,46
16:09:14.171,217,393,544,295,419,427,290,247,373,315,234,432,403,238,156,-7656,-2976,100,-918,46
16:09:14.204,217,394,544,295,418,427,292,246,372,315,234,432,403,237,-196,-7580,-2996,113,-943,77
16:09:14.220,216,393,544,295,419,425,292,246,372,315,233,432,403,238,-172,-7760,-2972,93,-944,118
16:09:14.237,216,393,544,295,419,425,292,246,372,315,233,432,403,238,-172,-7760,-2972,93,-944,118
16:09:14.253,216,393,544,295,419,425,292,246,372,315,233,432,403,238,-172,-7760,-2972,93,-944,118
16:09:14.270,216,393,544,295,419,425,292,246,372,315,233,432,403,238,-172,-7760,-2972,93,-944,118
16:09:14.303,216,392,542,293,418,423,291,246,372,315,234,430,403,237,236,-7576,-3036,103,-905,-9
16:09:14.320,216,392,542,293,418,423,291,246,372,315,234,430,403,237,236,-7576,-3036,103,-905,-9
16:09:14.336,216,392,541,295,418,424,292,246,371,316,234,427,403,237,152,-7652,-3012,126,-961,33
16:09:14.353,216,392,543,295,418,426,292,245,371,315,234,429,402,237,-252,-7644,-3048,125,-949,24
16:09:14.386,216,393,540,294,416,426,290,247,371,315,233,429,403,237,192,-7760,-3048,121,-996,56
16:09:14.402,215,392,541,294,417,425,292,244,372,314,234,431,404,236,200,-7724,-3024,64,-960,35
16:09:14.419,215,392,541,294,417,425,292,244,372,314,234,431,404,236,200,-7724,-3024,64,-960,35
16:09:14.436,216,392,541,295,417,425,293,246,372,314,235,430,402,235,-240,-7764,-3012,149,-983,-38
16:09:14.452,215,392,540,294,417,425,291,246,372,315,233,429,402,236,244,-7696,-3004,89,-912,-29
16:09:14.486,215,390,540,295,416,424,289,245,371,314,233,430,403,236,240,-7652,-2964,66,-929,-3
16:09:14.502,216,391,541,293,417,425,292,246,370,314,234,429,402,236,164,-7744,-3016,48,-971,48
16:09:14.519,216,391,541,293,417,425,292,246,370,314,234,429,402,236,164,-7744,-3016,48,-971,48
16:09:14.535,216,391,541,293,417,425,292,246,370,314,234,429,402,236,164,-7744,-3016,48,-971,48
16:09:14.552,216,391,541,293,417,425,292,246,370,314,234,429,402,236,164,-7744,-3016,48,-971,48
16:09:14.585,215,392,541,293,416,425,292,246,371,315,234,430,403,237,172,-7716,-2960,155,-974,2
16:09:14.601,215,393,541,294,417,425,292,246,371,315,234,430,403,236,216,-7772,-3060,35,-915,24
16:09:14.618,215,393,541,294,417,425,292,246,371,315,234,430,403,236,216,-7772,-3060,35,-915,24
16:09:14.635,215,393,541,294,417,425,292,246,371,315,234,430,403,236,216,-7772,-3060,35,-915,24
16:09:14.651,215,391,540,292,417,425,291,246,372,315,234,429,402,237,176,-7752,-3072,90,-936,22
16:09:14.684,213,391,540,292,415,425,292,247,372,315,233,429,401,237,-232,-7620,-2612,154,-940,41
16:09:14.701,213,391,540,292,415,425,292,247,372,315,233,429,401,237,-232,-7620,-2612,154,-940,41
16:09:14.717,214,391,540,293,417,426,291,246,371,315,234,429,403,236,224,-7696,-2972,81,-1008,-14
16:09:14.734,215,391,542,292,416,425,292,247,371,315,234,429,402,237,152,-7608,-3000,1,-874,42
16:09:14.750,215,392,542,294,417,425,293,246,371,315,234,429,402,237,-248,-7620,-2968,8,-936,60
16:09:14.784,214,391,540,293,417,425,293,247,372,315,234,429,403,237,-160,-7840,-3032,77,-908,1
16:09:14.800,214,391,540,293,417,425,293,247,372,315,234,429,403,237,-160,-7840,-3032,77,-908,1
16:09:14.817,215,393,541,295,416,425,293,247,371,315,234,429,402,236,-184,-7836,-2608,81,-837,-4
16:09:14.833,215,392,540,294,417,423,290,247,372,315,234,429,402,237,244,-7672,-2676,84,-849,-24
16:09:14.850,215,392,540,294,417,424,293,247,372,315,234,428,403,236,224,-7612,-2696,109,-996,-27
16:09:14.883,214,391,540,293,417,423,292,246,372,315,234,429,402,236,-232,-7696,-2600,16,-927,-16
16:09:14.900,215,392,539,293,416,423,291,248,372,314,235,429,402,236,220,-7720,-2640,98,-984,-68
16:09:14.917,215,392,539,293,416,423,291,248,372,314,235,429,402,236,220,-7720,-2640,98,-984,-68
16:09:14.932,213,388,539,292,416,423,292,247,373,315,234,429,402,236,-252,-7796,-2584,79,-867,58
16:09:14.966,213,388,539,292,416,423,292,247,373,315,234,429,402,236,-252,-7796,-2584,79,-867,58
16:09:14.982,214,391,540,294,416,422,289,247,372,315,234,429,403,237,-212,-7632,-2620,159,-1010,28
16:09:14.999,215,391,536,292,416,423,289,246,372,316,235,428,403,237,184,-7796,-3068,73,-927,-30
16:09:15.016,215,391,536,292,416,423,289,246,372,316,235,428,403,237,184,-7796,-3068,73,-927,-30
16:09:15.032,215,391,539,293,417,423,291,246,372,315,234,429,402,237,-252,-7824,-2616,130,-889,6
16:09:15.065,215,391,540,292,416,423,291,246,372,315,234,428,404,236,-212,-7732,-2648,67,-888,56
16:09:15.082,215,391,538,292,416,424,290,246,373,315,234,429,402,236,-220,-7700,-2588,127,-950,18
16:09:15.098,215,391,538,292,416,424,290,246,373,315,234,429,402,236,-220,-7700,-2588,127,-950,18
16:09:15.115,213,390,538,293,415,424,290,245,372,314,234,429,402,236,-152,-7804,-2672,136,-825,-52
16:09:15.132,213,390,538,293,415,424,290,245,372,314,234,429,402,236,-152,-7804,-2672,136,-825,-52
16:09:15.165,213,390,538,293,415,424,290,245,372,314,234,429,402,236,-152,-7804,-2672,136,-825,-52
16:09:15.181,213,390,538,293,415,424,290,245,372,314,234,429,402,236,-152,-7804,-2672,136,-825,-52
16:09:15.198,215,392,538,293,416,423,288,246,373,315,233,429,402,237,200,-7728,-2644,153,-931,37
16:09:15.214,215,392,539,295,417,423,290,246,373,315,233,429,403,237,212,-7744,-3048,125,-803,84
16:09:15.231,215,392,539,295,417,423,290,246,373,315,233,429,403,237,212,-7744,-3048,125,-803,84
16:09:15.264,214,389,539,292,415,423,289,245,372,315,233,429,401,237,-176,-7792,-2608,107,-891,88
16:09:15.281,214,389,539,292,415,423,289,245,372,315,233,429,401,237,-176,-7792,-2608,107,-891,88
16:09:15.297,215,391,537,294,417,423,288,245,373,315,233,428,402,237,-220,-7764,-2684,112,-890,63
16:09:15.314,215,391,537,294,417,423,288,245,373,315,233,428,402,237,-220,-7764,-2684,112,-890,63
16:09:15.330,215,391,537,294,417,423,288,245,373,315,233,428,402,237,-220,-7764,-2684,112,-890,63
16:09:15.363,215,391,540,294,416,425,290,246,374,316,232,430,403,237,-200,-7704,-2308,43,-957,-36
16:09:15.380,215,391,540,294,417,423,290,246,374,316,233,431,402,236,-188,-7672,-2752,95,-911,124
16:09:15.397,215,391,540,294,417,423,290,246,374,316,233,431,402,236,-188,-7672,-2752,95,-911,124
16:09:15.413,215,391,542,294,417,424,291,246,375,315,233,432,402,237,-60,-7800,-2652,92,-961,66
16:09:15.430,214,391,545,292,418,424,292,247,375,314,233,432,402,236,-476,-7872,-2664,68,-884,117
16:09:15.463,214,390,541,290,416,426,288,247,375,315,233,433,403,236,-28,-7724,-2328,73,-920,5
16:09:15.480,215,391,542,294,417,426,290,246,376,315,233,434,403,236,-36,-7628,-2504,60,-924,103
16:09:15.496,215,391,542,294,417,426,290,246,376,315,233,434,403,236,-36,-7628,-2504,60,-924,103
16:09:15.513,216,391,543,294,416,428,290,247,378,316,233,435,401,237,-424,-8056,-2352,-32,-805,95
16:09:15.546,216,391,543,294,416,428,290,247,378,316,233,435,401,237,-424,-8056,-2352,-32,-805,95
16:09:15.562,216,391,543,294,416,428,290,247,378,316,233,435,401,237,-424,-8056,-2352,-32,-805,95
16:09:15.579,215,391,547,294,417,428,291,247,378,317,233,436,402,237,-32,-7980,-2516,56,-894,215
16:09:15.595,215,391,549,294,417,430,291,248,380,318,233,440,402,237,-404,-7964,-2504,12,-930,185
16:09:15.612,216,392,548,294,416,431,291,248,381,318,233,441,403,236,-512,-7768,-2532,6,-877,242
16:09:15.645,215,392,544,293,416,431,290,248,381,319,234,442,401,237,-12,-7816,-2540,-126,-887,267
16:09:15.662,216,391,545,294,417,430,292,248,382,318,233,445,402,237,-128,-7720,-2432,-147,-905,349
16:09:15.678,215,392,543,294,414,430,289,248,382,319,233,444,402,236,-48,-7688,-2464,-188,-899,347
16:09:15.695,216,392,545,293,416,430,291,248,383,319,234,446,402,237,-140,-7632,-2392,-276,-928,472
16:09:15.711,217,392,544,294,416,430,291,248,384,319,234,446,402,237,-112,-7644,-2560,-317,-943,434
16:09:15.745,217,392,544,294,416,430,291,248,384,319,234,446,402,237,-112,-7644,-2560,-317,-943,434
16:09:15.761,217,392,544,294,416,430,291,248,384,319,234,446,402,237,-112,-7644,-2560,-317,-943,434
16:09:15.777,215,393,547,293,416,431,290,248,387,320,235,448,402,238,28,-7544,-2128,-700,-922,473
16:09:15.794,217,392,547,294,417,430,290,249,388,321,235,449,402,238,412,-7724,-2128,-664,-880,559
16:09:15.811,217,392,547,294,417,430,290,249,388,321,235,449,402,238,412,-7724,-2128,-664,-880,559
16:09:15.845,217,393,548,295,422,433,289,249,390,322,237,448,402,239,1084,-8020,-1640,-839,-814,656
16:09:15.860,217,393,548,295,422,433,289,249,390,322,237,448,402,239,1084,-8020,-1640,-839,-814,656
16:09:15.877,216,395,548,291,423,432,289,250,393,323,237,445,403,239,1052,-8468,-1464,-786,-1259,373
16:09:15.893,216,395,552,293,426,431,290,251,391,323,237,442,403,239,1160,-8568,-1520,-719,-1099,378
16:09:15.910,216,395,552,293,426,431,290,251,391,323,237,442,403,239,1160,-8568,-1520,-719,-1099,378
16:09:15.943,218,396,555,295,427,432,289,252,390,323,237,441,404,241,840,-8632,-1448,-662,-1331,268
16:09:15.960,218,396,555,295,427,432,289,252,390,323,237,441,404,241,840,-8632,-1448,-662,-1331,268
16:09:15.977,218,396,555,295,427,432,289,252,390,323,237,441,404,241,840,-8632,-1448,-662,-1331,268
16:09:15.993,218,396,555,295,427,432,289,252,390,323,237,441,404,241,840,-8632,-1448,-662,-1331,268
16:09:16.010,217,396,556,295,426,424,290,254,384,322,235,442,408,241,1168,-7900,-1428,371,-2440,-384
16:09:16.043,217,396,556,295,426,424,290,254,384,322,235,442,408,241,1168,-7900,-1428,371,-2440,-384
16:09:16.059,217,396,556,295,426,424,290,254,384,322,235,442,408,241,1168,-7900,-1428,371,-2440,-384
16:09:16.076,217,396,556,295,426,424,290,254,384,322,235,442,408,241,1168,-7900,-1428,371,-2440,-384
16:09:16.093,217,396,556,295,426,424,290,254,384,322,235,442,408,241,1168,-7900,-1428,371,-2440,-384
16:09:16.126,217,413,550,298,424,428,293,252,383,323,235,433,409,240,2008,-8532,-548,578,-2184,-490
16:09:16.142,217,413,550,298,424,428,293,252,383,323,235,433,409,240,2008,-8532,-548,578,-2184,-490
16:09:16.159,216,419,549,299,424,428,295,252,388,323,237,439,408,240,1988,-8128,-532,668,-1542,-349
16:09:16.175,217,425,549,302,426,430,297,253,391,323,238,446,407,241,1700,-7780,-544,693,-1300,-295
16:09:16.192,217,429,547,303,426,431,296,254,391,323,239,448,408,240,1764,-7720,-572,607,-1365,-322
16:09:16.225,216,433,546,304,429,431,298,254,393,323,239,450,407,241,1932,-8272,-920,477,-1155,-178
16:09:16.242,216,435,546,304,429,433,299,253,393,323,239,450,409,241,2284,-8504,-944,502,-986,5
16:09:16.258,214,437,544,303,429,433,297,254,395,323,240,451,410,241,2220,-8516,-1012,595,-636,-90
16:09:16.275,214,437,544,303,429,433,297,254,395,323,240,451,410,241,2220,-8516,-1012,595,-636,-90
16:09:16.292,215,439,545,304,431,435,300,254,394,323,240,451,410,240,1912,-8180,-968,595,-744,63
16:09:16.324,217,440,546,307,434,433,300,254,394,324,239,453,410,241,1672,-7812,-856,596,-399,89
16:09:16.341,217,440,546,307,434,433,300,254,394,324,239,453,410,241,1672,-7812,-856,596,-399,89
16:09:16.358,217,440,546,307,434,433,300,254,394,324,239,453,410,241,1672,-7812,-856,596,-399,89
16:09:16.374,217,440,546,307,434,433,300,254,394,324,239,453,410,241,1672,-7812,-856,596,-399,89
16:09:16.415,214,448,534,305,439,433,298,256,390,323,238,455,423,239,-244,-7720,-2248,129,-405,-211
16:09:16.415,214,448,534,305,439,433,298,256,390,323,238,455,423,239,-244,-7720,-2248,129,-405,-211
16:09:16.431,214,448,534,305,439,433,298,256,390,323,238,455,423,239,-244,-7720,-2248,129,-405,-211
16:09:16.464,214,448,534,305,439,433,298,256,390,323,238,455,423,239,-244,-7720,-2248,129,-405,-211
16:09:16.481,214,448,534,305,439,433,298,256,390,323,238,455,423,239,-244,-7720,-2248,129,-405,-211
16:09:16.497,213,446,537,303,438,431,297,256,388,325,238,455,426,239,132,-8184,-2404,184,-637,-348
16:09:16.514,214,447,541,304,436,429,297,257,387,326,237,458,429,240,292,-7800,-2760,97,-732,-323
16:09:16.531,214,447,541,304,436,429,297,257,387,326,237,458,429,240,292,-7800,-2760,97,-732,-323
16:09:16.564,214,447,541,304,436,429,297,257,387,326,237,458,429,240,292,-7800,-2760,97,-732,-323
16:09:16.581,214,447,541,304,436,429,297,257,387,326,237,458,429,240,292,-7800,-2760,97,-732,-323
16:09:16.597,214,447,541,304,436,429,297,257,387,326,237,458,429,240,292,-7800,-2760,97,-732,-323
16:09:16.614,214,447,541,304,436,429,297,257,387,326,237,458,429,240,292,-7800,-2760,97,-732,-323
16:09:16.630,213,449,541,304,434,431,296,256,386,328,237,458,431,239,-500,-7816,-2808,55,-720,-547
16:09:16.663,212,450,535,303,432,432,294,255,385,330,236,458,436,239,-628,-7876,-3148,33,-607,-766
16:09:16.680,213,450,534,303,433,432,294,255,385,330,235,458,438,240,-1272,-8200,-3088,102,-626,-721
16:09:16.696,211,449,535,305,434,429,293,254,385,331,236,455,439,240,-1244,-8560,-3348,224,-549,-744
16:09:16.713,211,449,535,305,434,429,293,254,385,331,236,455,439,240,-1244,-8560,-3348,224,-549,-744
16:09:16.746,211,447,537,306,432,433,293,256,383,329,236,450,448,241,-996,-9380,-3636,562,-902,-411
16:09:16.763,211,447,537,306,432,433,293,256,383,329,236,450,448,241,-996,-9380,-3636,562,-902,-411
16:09:16.779,211,445,535,306,431,434,292,256,383,328,235,448,454,241,-988,-8972,-3820,822,-805,-255
16:09:16.796,211,445,535,306,431,434,292,256,383,328,235,448,454,241,-988,-8972,-3820,822,-805,-255
16:09:16.812,209,443,535,302,429,432,293,256,382,327,235,447,459,243,-660,-8520,-3408,1109,-816,-305
16:09:16.845,209,438,525,300,423,433,295,261,386,325,234,443,461,245,-1024,-6332,-2832,1600,-579,-182
16:09:16.862,209,438,525,300,423,433,295,261,386,325,234,443,461,245,-1024,-6332,-2832,1600,-579,-182
16:09:16.878,209,438,525,300,423,433,295,261,386,325,234,443,461,245,-1024,-6332,-2832,1600,-579,-182
16:09:16.895,210,437,529,301,420,428,296,263,389,327,233,452,464,244,-896,-6500,-3016,1538,-999,-72
16:09:16.912,215,433,556,297,422,429,299,276,403,345,236,475,465,244,-936,-6768,-3684,1722,-998,160
16:09:16.945,215,433,556,297,422,429,299,276,403,345,236,475,465,244,-936,-6768,-3684,1722,-998,160
16:09:16.961,215,433,556,297,422,429,299,276,403,345,236,475,465,244,-936,-6768,-3684,1722,-998,160
16:09:16.978,215,433,556,297,422,429,299,276,403,345,236,475,465,244,-936,-6768,-3684,1722,-998,160
16:09:16.995,215,433,556,297,422,429,299,276,403,345,236,475,465,244,-936,-6768,-3684,1722,-998,160
16:09:17.011,216,433,567,298,423,430,299,282,405,354,237,473,460,244,-1412,-6412,-3476,1475,-1176,111
16:09:17.044,217,434,576,298,429,416,296,282,413,374,238,463,458,242,-48,-7860,-5200,1859,-1925,304
16:09:17.061,217,434,576,298,429,416,296,282,413,374,238,463,458,242,-48,-7860,-5200,1859,-1925,304
16:09:17.078,217,434,576,298,429,416,296,282,413,374,238,463,458,242,-48,-7860,-5200,1859,-1925,304
16:09:17.094,216,438,575,295,432,408,298,286,411,377,239,462,454,242,52,-6244,-4884,1990,-2043,391
16:09:17.111,215,444,573,300,443,409,301,289,408,380,238,465,446,241,616,-5656,-5008,1652,-1697,542
16:09:17.143,215,444,573,300,443,409,301,289,408,380,238,465,446,241,616,-5656,-5008,1652,-1697,542
16:09:17.160,215,444,575,301,453,409,302,292,408,384,239,467,445,240,556,-5744,-4760,1520,-1487,454
16:09:17.177,212,449,591,301,460,409,303,298,408,399,239,470,443,239,272,-6108,-5500,1217,-990,591
16:09:17.194,214,456,586,308,478,413,310,312,414,414,237,472,447,239,172,-5672,-5392,1235,-862,566
16:09:17.210,214,456,586,308,478,413,310,312,414,414,237,472,447,239,172,-5672,-5392,1235,-862,566
16:09:17.243,213,464,582,311,496,414,322,333,410,439,239,465,454,238,496,-6160,-4956,1073,-327,456
16:09:17.260,213,464,582,311,496,414,322,333,410,439,239,465,454,238,496,-6160,-4956,1073,-327,456
16:09:17.276,214,470,583,317,506,415,326,342,406,437,241,453,460,238,196,-6024,-5376,1044,-390,152
16:09:17.293,215,474,582,320,512,413,328,345,405,441,241,450,464,238,84,-6144,-4976,1060,-16,79
16:09:17.326,213,481,579,321,521,414,332,347,402,456,243,447,479,240,180,-6192,-5280,1033,-370,395
16:09:17.342,213,481,579,321,521,414,332,347,402,456,243,447,479,240,180,-6192,-5280,1033,-370,395
16:09:17.359,213,481,579,321,521,414,332,347,402,456,243,447,479,240,180,-6192,-5280,1033,-370,395
16:09:17.375,215,484,575,325,526,415,333,342,403,462,246,447,481,239,-44,-5836,-5300,1023,-268,383
16:09:17.392,216,497,541,333,537,452,334,323,421,472,249,442,499,239,4,-6164,-4612,799,-533,-50
16:09:17.425,215,519,534,336,538,455,334,319,426,472,252,440,500,240,444,-6548,-4852,616,-917,2
16:09:17.442,215,519,534,336,538,455,334,319,426,472,252,440,500,240,444,-6548,-4852,616,-917,2
16:09:17.459,215,519,534,336,538,455,334,319,426,472,252,440,500,240,444,-6548,-4852,616,-917,2
16:09:17.475,214,528,529,338,551,458,333,319,428,475,255,439,503,238,316,-5488,-4764,699,-553,179
16:09:17.492,214,533,527,341,553,457,334,319,431,479,257,438,503,238,312,-5692,-4648,603,-715,186
16:09:17.525,212,543,526,341,554,459,333,317,431,483,260,438,503,237,220,-6416,-5548,477,-677,151
16:09:17.541,212,543,526,341,554,459,333,317,431,483,260,438,503,237,220,-6416,-5548,477,-677,151
16:09:17.558,212,543,526,341,554,459,333,317,431,483,260,438,503,237,220,-6416,-5548,477,-677,151
16:09:17.574,209,546,523,343,552,472,328,316,431,491,262,436,505,235,100,-6860,-4440,330,-270,-151
16:09:17.591,210,547,522,348,552,474,327,316,429,491,263,436,509,236,292,-6392,-5052,252,-312,-244
16:09:17.624,208,551,517,357,551,474,322,312,428,496,266,433,517,235,-340,-5460,-4752,6,-738,-86
16:09:17.641,207,551,519,359,552,480,322,312,427,497,267,433,520,235,-404,-5880,-5368,115,-757,-283
16:09:17.657,207,551,519,359,552,480,322,312,427,497,267,433,520,235,-404,-5880,-5368,115,-757,-283
16:09:17.674,207,554,517,361,554,482,318,308,425,499,266,431,525,234,-656,-5380,-5672,42,-1135,-237
16:09:17.690,205,553,514,361,552,481,317,308,426,498,266,430,523,235,-680,-5540,-6040,-137,-1116,-265
16:09:17.723,204,553,513,362,551,479,315,306,422,492,262,428,525,233,708,-5832,-5292,-102,-1171,-574
16:09:17.740,204,553,513,362,551,479,315,306,422,492,262,428,525,233,708,-5832,-5292,-102,-1171,-574
16:09:17.757,204,553,513,362,551,479,315,306,422,492,262,428,525,233,708,-5832,-5292,-102,-1171,-574
16:09:17.773,204,553,513,362,551,479,315,306,422,492,262,428,525,233,708,-5832,-5292,-102,-1171,-574
16:09:17.790,204,553,513,362,551,479,315,306,422,492,262,428,525,233,708,-5832,-5292,-102,-1171,-574
16:09:17.823,203,544,510,349,535,474,312,303,420,471,258,425,518,235,-448,-5672,-6068,-322,-1775,-482
16:09:17.840,203,544,510,349,535,474,312,303,420,471,258,425,518,235,-448,-5672,-6068,-322,-1775,-482
16:09:17.856,202,540,508,345,530,473,307,300,418,465,256,424,513,236,-396,-5236,-6364,-406,-1780,-528
16:09:17.873,201,540,508,344,529,473,308,301,416,467,255,424,512,236,-140,-5640,-5648,-623,-1681,-502
16:09:17.906,201,539,508,341,527,472,309,300,417,465,255,423,510,235,132,-5796,-5408,-617,-1664,-339
16:09:17.922,202,537,508,343,527,472,309,300,416,464,255,424,509,235,84,-5956,-5852,-506,-1701,-409
16:09:17.939,201,538,505,339,526,471,307,299,415,466,255,422,506,235,-472,-5792,-5876,-460,-1438,-426
16:09:17.956,201,538,505,339,526,471,307,299,415,466,255,422,506,235,-472,-5792,-5876,-460,-1438,-426
16:09:17.972,201,538,505,339,526,471,307,299,415,466,255,422,506,235,-472,-5792,-5876,-460,-1438,-426
16:09:18.005,201,535,505,339,524,471,306,298,414,463,254,422,504,236,-372,-5828,-5740,-237,-1465,-156
16:09:18.022,202,534,505,338,523,469,306,298,414,463,255,421,502,236,-508,-5624,-5664,-272,-1336,-108
16:09:18.038,202,534,505,338,523,469,306,298,414,463,255,421,502,236,-508,-5624,-5664,-272,-1336,-108
16:09:18.055,202,534,505,338,523,469,306,298,414,463,255,421,502,236,-508,-5624,-5664,-272,-1336,-108
16:09:18.072,201,534,504,339,522,469,306,297,415,463,254,420,502,236,-296,-5700,-6100,-211,-1323,-45
16:09:18.105,202,532,504,338,522,467,304,297,412,459,254,420,500,237,-120,-6076,-5860,-191,-1577,124
16:09:18.121,203,531,503,338,523,468,303,297,412,457,253,419,499,236,-508,-6040,-5852,-148,-2153,-68
16:09:18.138,203,532,503,338,524,467,302,297,413,456,253,419,498,237,-304,-6040,-5588,-87,-2427,-182
16:09:18.154,203,532,503,338,524,467,302,297,413,456,253,419,498,237,-304,-6040,-5588,-87,-2427,-182
16:09:18.171,203,532,503,338,524,467,302,297,413,456,253,419,498,237,-304,-6040,-5588,-87,-2427,-182
16:09:18.204,204,533,501,335,524,467,304,301,413,454,253,418,498,236,-708,-5560,-4980,-176,-3022,-701
16:09:18.221,206,535,502,336,524,468,302,303,411,451,252,418,498,236,-1016,-5324,-5008,-183,-3246,-884
16:09:18.237,206,535,502,336,524,468,302,303,411,451,252,418,498,236,-1016,-5324,-5008,-183,-3246,-884
16:09:18.254,206,535,502,336,524,468,302,303,411,451,252,418,498,236,-1016,-5324,-5008,-183,-3246,-884
16:09:18.270,206,535,502,336,524,468,302,303,411,451,252,418,498,236,-1016,-5324,-5008,-183,-3246,-884
16:09:18.303,206,535,502,336,524,468,302,303,411,451,252,418,498,236,-1016,-5324,-5008,-183,-3246,-884
16:09:18.320,206,536,500,335,521,465,300,304,410,451,253,418,496,236,-1236,-5816,-4976,96,-3740,-1315
16:09:18.336,210,537,501,333,522,464,301,305,406,456,253,417,499,236,-108,-6712,-4472,332,-4404,-2022
16:09:18.353,210,535,500,333,521,463,299,305,405,458,253,417,500,236,484,-7188,-4388,234,-4748,-2292
16:09:18.386,210,534,498,332,521,462,299,302,403,463,253,416,499,235,420,-9516,-4964,42,-5306,-2658
16:09:18.403,210,535,498,332,522,454,299,303,402,463,253,416,498,234,392,-9460,-5368,378,-5472,-2719
16:09:18.419,210,535,498,332,522,454,299,303,402,463,253,416,498,234,392,-9460,-5368,378,-5472,-2719
16:09:18.436,210,540,498,332,522,448,300,302,400,470,252,416,496,235,684,-6808,-3496,711,-6050,-3043
16:09:18.452,210,540,498,331,524,446,301,300,400,472,252,416,497,234,824,-5960,-2692,385,-6398,-3383
16:09:18.485,210,540,498,331,524,446,301,300,400,472,252,416,497,234,824,-5960,-2692,385,-6398,-3383
16:09:18.502,211,541,499,331,522,447,302,301,397,475,253,415,496,234,1364,-6268,-2688,31,-6224,-3629
16:09:18.519,211,538,500,329,515,441,306,301,394,476,252,415,502,234,664,-8084,-3332,-9,-7329,-4060
16:09:18.536,211,538,500,329,515,441,306,301,394,476,252,415,502,234,664,-8084,-3332,-9,-7329,-4060
16:09:18.552,211,538,500,329,515,441,306,301,394,476,252,415,502,234,664,-8084,-3332,-9,-7329,-4060
16:09:18.585,211,537,501,328,514,438,307,300,391,480,252,416,500,233,844,-7984,-3580,-144,-7320,-4030
16:09:18.601,211,537,501,328,514,438,307,300,391,480,252,416,500,233,844,-7984,-3580,-144,-7320,-4030
16:09:18.618,210,531,501,327,508,437,310,301,387,482,252,416,496,233,1744,-7532,-2576,-64,-7779,-3806
16:09:18.635,211,532,501,328,508,436,310,301,388,481,251,418,498,233,1920,-7364,-2096,147,-7779,-3734
16:09:18.651,211,532,501,328,508,436,310,301,388,481,251,418,498,233,1920,-7364,-2096,147,-7779,-3734
16:09:18.684,211,528,502,327,507,435,313,301,386,479,252,418,498,233,2196,-7468,-2504,166,-7538,-3786
16:09:18.701,211,528,503,327,504,435,317,301,385,474,251,418,499,233,1088,-7236,-2888,-168,-7134,-3461
16:09:18.718,209,522,502,324,497,432,328,302,385,461,251,419,504,232,820,-7456,-2468,-1045,-7376,-2082
16:09:18.734,209,522,502,324,497,432,328,302,385,461,251,419,504,232,820,-7456,-2468,-1045,-7376,-2082
16:09:18.751,209,522,502,324,497,432,328,302,385,461,251,419,504,232,820,-7456,-2468,-1045,-7376,-2082
16:09:18.784,209,522,502,324,497,432,328,302,385,461,251,419,504,232,820,-7456,-2468,-1045,-7376,-2082
16:09:18.800,209,520,504,324,495,426,335,307,383,456,251,418,501,232,1664,-7676,-2412,-1273,-6761,-1481
16:09:18.817,211,519,506,325,494,431,344,318,384,447,250,421,500,233,1768,-8248,-832,-1401,-6127,-1137
16:09:18.834,209,517,508,322,495,431,347,320,383,445,250,421,502,232,1944,-8080,-572,-1547,-5524,-1136
16:09:18.850,209,517,508,322,495,431,347,320,383,445,250,421,502,232,1944,-8080,-572,-1547,-5524,-1136
16:09:18.883,209,517,508,322,495,431,347,320,383,445,250,421,502,232,1944,-8080,-572,-1547,-5524,-1136
16:09:18.900,210,517,508,324,495,429,351,321,383,442,250,420,505,233,2396,-7664,-848,-1454,-4891,-911
16:09:18.916,210,520,510,324,496,431,356,330,383,438,250,417,503,233,2708,-7708,-1184,-1646,-4542,-365
16:09:18.933,210,523,511,322,496,431,360,337,383,435,251,419,507,233,2312,-7372,-312,-1010,-4029,56
16:09:18.966,210,523,511,322,496,431,360,337,383,435,251,419,507,233,2312,-7372,-312,-1010,-4029,56
16:09:18.982,210,523,511,322,496,431,360,337,383,435,251,419,507,233,2312,-7372,-312,-1010,-4029,56
16:09:18.999,211,522,511,322,497,427,360,340,382,432,251,418,509,232,2652,-6648,-156,-865,-3421,-58
16:09:19.016,212,522,512,321,500,418,356,348,384,432,252,418,519,233,2596,-6824,-324,-1074,-2734,321
16:09:19.033,213,523,521,321,508,407,354,359,384,426,252,418,535,233,1872,-6096,544,-386,-1840,597
16:09:19.065,214,523,527,322,511,412,355,360,386,424,253,415,541,235,3064,-9096,4,-749,-1705,592
16:09:19.082,213,522,528,319,512,416,353,363,389,423,254,415,543,234,3192,-10308,120,-265,-1666,931
16:09:19.099,213,522,528,319,512,416,353,363,389,423,254,415,543,234,3192,-10308,120,-265,-1666,931
16:09:19.115,210,518,553,320,516,419,352,363,391,411,253,415,551,235,3616,-9056,-876,269,-1671,745
16:09:19.132,210,518,553,320,516,419,352,363,391,411,253,415,551,235,3616,-9056,-876,269,-1671,745
16:09:19.165,210,518,553,320,516,419,352,363,391,411,253,415,551,235,3616,-9056,-876,269,-1671,745
16:09:19.181,210,518,553,320,516,419,352,363,391,411,253,415,551,235,3616,-9056,-876,269,-1671,745
16:09:19.198,210,518,553,320,516,419,352,363,391,411,253,415,551,235,3616,-9056,-876,269,-1671,745
16:09:19.215,210,511,558,320,519,419,351,362,392,405,253,421,553,235,3264,-7140,-560,-1402,-902,227
16:09:19.231,210,510,561,321,518,421,350,363,391,403,252,422,544,235,3060,-7096,-8,-1590,-693,378
16:09:19.264,210,507,563,321,519,421,349,364,394,403,253,423,540,237,2176,-6540,-464,-1256,-656,512
16:09:19.281,211,507,565,322,518,423,349,363,393,402,253,423,540,237,1644,-6008,88,-1101,-1123,642
16:09:19.297,210,509,570,321,519,423,349,363,398,404,251,423,539,239,2424,-7512,1220,-1237,-1683,675
16:09:19.314,212,504,552,320,518,423,348,358,408,411,250,419,530,241,2304,-8472,-1516,-1331,-1831,671
16:09:19.331,211,501,555,318,518,424,348,357,411,412,251,420,531,241,3244,-7684,140,-1552,-2171,441
16:09:19.363,212,498,552,317,515,429,346,359,412,415,252,420,531,242,3512,-7032,1496,-1642,-1894,255
16:09:19.380,211,498,553,318,514,431,345,361,412,413,252,422,530,240,3172,-6904,2016,-1330,-1673,-159
16:09:19.397,212,497,553,318,512,433,345,359,411,413,252,423,530,242,3296,-7256,1940,-893,-1767,-386
16:09:19.413,214,490,552,316,510,442,345,345,414,409,253,426,522,243,4020,-8360,2128,-849,-1199,-428
16:09:19.430,214,490,552,316,510,442,345,345,414,409,253,426,522,243,4020,-8360,2128,-849,-1199,-428
16:09:19.463,214,490,552,316,510,442,345,345,414,409,253,426,522,243,4020,-8360,2128,-849,-1199,-428
16:09:19.479,214,490,552,316,510,442,345,345,414,409,253,426,522,243,4020,-8360,2128,-849,-1199,-428
16:09:19.496,214,490,552,316,510,442,345,345,414,409,253,426,522,243,4020,-8360,2128,-849,-1199,-428
16:09:19.514,214,490,552,316,510,442,345,345,414,409,253,426,522,243,4020,-8360,2128,-849,-1199,-428
16:09:19.546,212,487,556,312,509,445,346,343,416,408,253,429,518,243,3476,-8028,2756,-241,-869,-567
16:09:19.562,215,482,558,314,508,440,347,347,424,406,254,425,508,243,3668,-8184,2708,-572,320,-491
16:09:19.579,215,482,558,314,508,440,347,347,424,406,254,425,508,243,3668,-8184,2708,-572,320,-491
16:09:19.595,215,482,558,314,508,440,347,347,424,406,254,425,508,243,3668,-8184,2708,-572,320,-491
16:09:19.612,215,479,558,312,501,433,346,351,429,404,256,439,499,241,3912,-7588,2116,-562,2271,-237
16:09:19.645,216,476,564,313,509,435,344,358,428,407,255,446,505,241,4488,-8376,3208,-806,2149,248
16:09:19.662,216,476,564,313,509,435,344,358,428,407,255,446,505,241,4488,-8376,3208,-806,2149,248
16:09:19.678,216,476,564,313,509,435,344,358,428,407,255,446,505,241,4488,-8376,3208,-806,2149,248
16:09:19.695,216,476,564,313,509,435,344,358,428,407,255,446,505,241,4488,-8376,3208,-806,2149,248
16:09:19.711,230,485,560,310,538,453,346,372,423,418,253,445,503,239,3868,-8224,2300,-546,3025,173
16:09:19.745,235,506,552,311,549,460,359,370,421,426,252,455,499,239,4516,-6156,1796,-565,2796,452
16:09:19.761,238,518,547,311,550,508,368,378,416,428,251,455,496,239,4604,-6172,2292,-513,2637,361
16:09:19.778,239,576,559,308,557,503,375,375,414,428,251,452,496,238,4236,-5992,2400,-787,3279,321
16:09:19.794,231,590,545,311,628,570,371,369,404,428,251,447,491,236,2872,-6136,2388,-2531,2676,-509
16:09:19.811,231,590,545,311,628,570,371,369,404,428,251,447,491,236,2872,-6136,2388,-2531,2676,-509
16:09:19.844,228,589,542,315,632,564,380,366,402,435,253,438,489,236,1288,-7880,1928,-369,-752,-1429
16:09:19.860,228,589,542,315,632,564,380,366,402,435,253,438,489,236,1288,-7880,1928,-369,-752,-1429
16:09:19.877,231,592,526,323,633,565,375,354,404,439,253,438,486,237,3392,-9104,4528,1094,-899,-1331
16:09:19.894,236,592,513,334,633,521,369,351,404,483,255,440,480,236,7608,-6804,4252,1609,1729,-1138
16:09:19.910,239,592,495,340,627,489,364,349,407,490,257,441,483,237,5528,-7032,2240,-891,1080,-1134
16:09:19.944,239,592,495,340,627,489,364,349,407,490,257,441,483,237,5528,-7032,2240,-891,1080,-1134
16:09:19.960,239,592,495,340,627,489,364,349,407,490,257,441,483,237,5528,-7032,2240,-891,1080,-1134
16:09:19.977,239,592,495,340,627,489,364,349,407,490,257,441,483,237,5528,-7032,2240,-891,1080,-1134
16:09:19.993,239,592,495,340,627,489,364,349,407,490,257,441,483,237,5528,-7032,2240,-891,1080,-1134
16:09:20.010,239,592,495,340,627,489,364,349,407,490,257,441,483,237,5528,-7032,2240,-891,1080,-1134
16:09:20.043,232,578,480,383,601,453,349,340,400,492,268,429,470,240,4636,-7872,2384,-1511,1378,-851
16:09:20.059,232,578,480,383,601,453,349,340,400,492,268,429,470,240,4636,-7872,2384,-1511,1378,-851
16:09:20.076,232,578,480,383,601,453,349,340,400,492,268,429,470,240,4636,-7872,2384,-1511,1378,-851
16:09:20.093,228,585,482,393,593,455,347,336,402,492,268,424,472,243,5700,-7144,3144,-1532,2436,-795
16:09:20.126,223,589,481,393,591,454,346,336,404,486,268,423,474,243,5800,-7616,2916,-1288,2933,-617
16:09:20.142,221,599,481,400,586,450,345,337,407,484,269,421,475,244,5552,-7880,3764,-871,3831,-256
16:09:20.159,221,599,481,400,586,450,345,337,407,484,269,421,475,244,5552,-7880,3764,-871,3831,-256
16:09:20.175,221,599,481,400,586,450,345,337,407,484,269,421,475,244,5552,-7880,3764,-871,3831,-256
16:09:20.192,221,599,481,400,586,450,345,337,407,484,269,421,475,244,5552,-7880,3764,-871,3831,-256
16:09:20.226,218,594,487,418,583,441,345,328,408,479,270,440,475,244,4968,-5472,4812,-531,6345,-92
16:09:20.241,215,595,487,419,581,439,344,327,409,479,270,444,473,243,4560,-5456,5132,-624,6949,-47
16:09:20.259,215,595,487,419,581,439,344,327,409,479,270,444,473,243,4560,-5456,5132,-624,6949,-47
16:09:20.275,215,589,484,426,578,428,343,331,410,475,272,456,466,243,6660,-10148,5092,172,9084,605
16:09:20.292,215,589,484,426,578,428,343,331,410,475,272,456,466,243,6660,-10148,5092,172,9084,605
16:09:20.324,214,570,471,423,572,419,343,317,424,475,275,463,461,241,2688,-8460,8424,51,12398,1579
16:09:20.341,214,570,471,423,572,419,343,317,424,475,275,463,461,241,2688,-8460,8424,51,12398,1579
16:09:20.358,214,570,471,423,572,419,343,317,424,475,275,463,461,241,2688,-8460,8424,51,12398,1579
16:09:20.374,214,570,471,423,572,419,343,317,424,475,275,463,461,241,2688,-8460,8424,51,12398,1579
16:09:20.391,214,570,471,423,572,419,343,317,424,475,275,463,461,241,2688,-8460,8424,51,12398,1579
16:09:20.424,217,567,455,404,592,408,343,328,409,410,271,455,455,240,-2596,-9728,7492,-802,13575,2423
16:09:20.440,231,570,459,407,635,413,349,329,409,407,268,444,449,239,-3216,-10872,3660,-747,11533,1235
16:09:20.457,231,570,459,407,635,413,349,329,409,407,268,444,449,239,-3216,-10872,3660,-747,11533,1235
16:09:20.473,231,570,459,407,635,413,349,329,409,407,268,444,449,239,-3216,-10872,3660,-747,11533,1235
16:09:20.490,231,570,459,407,635,413,349,329,409,407,268,444,449,239,-3216,-10872,3660,-747,11533,1235
16:09:20.523,240,566,483,396,664,461,396,330,404,408,281,428,439,239,-1548,-5488,-2096,-1659,5513,-410
16:09:20.540,240,566,483,396,664,461,396,330,404,408,281,428,439,239,-1548,-5488,-2096,-1659,5513,-410
16:09:20.556,240,566,483,396,664,461,396,330,404,408,281,428,439,239,-1548,-5488,-2096,-1659,5513,-410
16:09:20.573,240,566,483,396,664,461,396,330,404,408,281,428,439,239,-1548,-5488,-2096,-1659,5513,-410
16:09:20.606,240,566,483,396,664,461,396,330,404,408,281,428,439,239,-1548,-5488,-2096,-1659,5513,-410
16:09:20.622,239,534,519,388,550,516,389,330,391,406,282,425,434,239,-1828,-8976,-7092,-2290,3913,-1008
16:09:20.639,231,527,514,374,533,425,376,319,400,399,279,420,435,241,4968,-10272,-2872,-2270,1450,1095
16:09:20.656,231,527,514,374,533,425,376,319,400,399,279,420,435,241,4968,-10272,-2872,-2270,1450,1095
16:09:20.672,231,527,514,374,533,425,376,319,400,399,279,420,435,241,4968,-10272,-2872,-2270,1450,1095
16:09:20.705,224,529,513,365,536,425,377,318,394,393,273,417,436,240,4872,-8284,1052,-1022,4524,-398
16:09:20.722,221,528,520,364,529,428,377,317,392,393,268,416,431,240,828,-7276,144,-1032,4597,50
16:09:20.739,219,527,513,363,526,423,377,317,391,392,268,417,432,240,1372,-8484,296,-1416,4531,205
16:09:20.755,219,527,513,363,526,423,377,317,391,392,268,417,432,240,1372,-8484,296,-1416,4531,205
16:09:20.772,219,527,513,363,526,423,377,317,391,392,268,417,432,240,1372,-8484,296,-1416,4531,205
16:09:20.805,219,527,513,363,526,423,377,317,391,392,268,417,432,240,1372,-8484,296,-1416,4531,205
16:09:20.822,219,527,513,363,526,423,377,317,391,392,268,417,432,240,1372,-8484,296,-1416,4531,205
16:09:20.838,214,530,491,361,507,407,364,315,389,388,263,418,428,239,-176,-9128,412,-621,5254,-265
16:09:20.855,214,530,491,361,507,407,364,315,389,388,263,418,428,239,-176,-9128,412,-621,5254,-265
16:09:20.871,214,530,491,361,507,407,364,315,389,388,263,418,428,239,-176,-9128,412,-621,5254,-265
16:09:20.904,213,528,493,361,505,404,362,314,389,389,263,419,426,239,-988,-8828,388,-17,5321,-319
16:09:20.921,209,522,503,353,498,405,353,314,389,387,263,424,424,237,-940,-9420,180,134,4479,-629
16:09:20.937,209,518,523,351,490,403,347,311,390,386,261,426,423,238,-272,-9000,-228,-13,4010,-610
16:09:20.954,209,518,523,351,490,403,347,311,390,386,261,426,423,238,-272,-9000,-228,-13,4010,-610
16:09:20.970,209,518,523,351,490,403,347,311,390,386,261,426,423,238,-272,-9000,-228,-13,4010,-610
16:09:21.004,210,519,523,350,489,403,348,312,389,385,260,426,424,238,-832,-9120,-180,494,4017,-421
16:09:21.020,206,509,526,344,489,415,346,311,388,385,258,420,423,237,-3052,-8416,-324,72,2431,365
16:09:21.037,206,509,526,344,489,415,346,311,388,385,258,420,423,237,-3052,-8416,-324,72,2431,365
16:09:21.053,206,509,526,344,489,415,346,311,388,385,258,420,423,237,-3052,-8416,-324,72,2431,365
16:09:21.070,206,509,526,344,489,415,346,311,388,385,258,420,423,237,-3052,-8416,-324,72,2431,365
16:09:21.103,206,509,526,344,489,415,346,311,388,385,258,420,423,237,-3052,-8416,-324,72,2431,365
16:09:21.119,206,509,526,344,489,415,346,311,388,385,258,420,423,237,-3052,-8416,-324,72,2431,365
16:09:21.136,205,507,526,341,485,415,345,310,390,383,257,419,423,237,-1632,-8532,-92,253,1342,434
16:09:21.153,206,506,524,341,489,417,345,311,391,383,256,420,423,237,-1784,-8496,-508,199,1468,396
16:09:21.186,206,506,524,341,489,417,345,311,391,383,256,420,423,237,-1784,-8496,-508,199,1468,396
16:09:21.202,206,506,524,341,489,417,345,311,391,383,256,420,423,237,-1784,-8496,-508,199,1468,396
16:09:21.219,205,505,526,338,492,422,346,310,393,382,257,422,422,237,-1912,-8504,-640,292,520,453
16:09:21.236,205,505,527,338,492,422,345,309,392,379,257,424,422,236,-1876,-8084,-524,130,321,398
16:09:21.252,205,505,527,338,492,422,345,309,392,379,257,424,422,236,-1876,-8084,-524,130,321,398
16:09:21.285,205,506,527,336,492,424,344,309,393,378,257,427,422,236,-2016,-8156,-592,94,218,551
16:09:21.302,205,504,528,336,492,426,344,309,394,378,257,428,421,236,-1680,-7784,-720,51,-80,458
16:09:21.319,205,505,529,336,491,428,344,308,394,377,258,427,421,236,-1616,-7448,-396,-15,-67,322
16:09:21.335,205,505,529,336,491,428,344,308,394,377,258,427,421,236,-1616,-7448,-396,-15,-67,322
16:09:21.352,202,504,527,333,491,428,343,306,394,375,257,430,421,236,-1204,-7856,-632,-386,-310,426
16:09:21.385,204,507,527,333,491,433,344,303,391,375,256,427,421,235,-1260,-7612,-476,-67,-267,451
16:09:21.401,203,507,528,330,490,433,344,301,391,374,256,427,421,237,-1504,-7424,508,2,-437,396
16:09:21.418,204,504,527,330,490,435,343,296,388,378,258,432,421,236,-1316,-7068,252,-116,-644,238
16:09:21.435,204,504,527,330,490,435,343,296,388,378,258,432,421,236,-1316,-7068,252,-116,-644,238
16:09:21.451,204,504,527,330,490,435,343,296,388,378,258,432,421,236,-1316,-7068,252,-116,-644,238
16:09:21.485,204,504,527,330,490,435,343,296,388,378,258,432,421,236,-1316,-7068,252,-116,-644,238
16:09:21.501,204,504,527,330,490,435,343,296,388,378,258,432,421,236,-1316,-7068,252,-116,-644,238
16:09:21.517,204,501,527,332,487,435,341,294,384,375,257,439,421,235,-796,-6928,900,-250,-735,80
16:09:21.534,204,499,527,331,487,438,337,291,383,376,256,440,422,235,-380,-7988,756,-142,-89,163
16:09:21.550,203,500,525,330,486,440,340,291,383,375,255,444,423,235,-736,-8608,264,-46,164,194
16:09:21.584,204,499,527,330,485,438,340,292,383,376,255,449,423,236,-1276,-8980,232,-118,238,103
16:09:21.600,204,499,527,330,485,438,340,292,383,376,255,449,423,236,-1276,-8980,232,-118,238,103
16:09:21.617,204,496,525,330,485,434,337,292,384,375,257,459,423,235,-652,-9744,-360,48,-995,-34
16:09:21.633,204,496,525,330,485,434,337,292,384,375,257,459,423,235,-652,-9744,-360,48,-995,-34
16:09:21.650,204,496,525,330,485,434,337,292,384,375,257,459,423,235,-652,-9744,-360,48,-995,-34
16:09:21.683,204,496,525,330,485,434,337,292,384,375,257,459,423,235,-652,-9744,-360,48,-995,-34
16:09:21.699,203,496,522,330,483,434,333,289,384,374,257,462,421,236,-400,-9996,-452,114,-800,-34
16:09:21.716,204,494,523,329,482,435,333,287,383,371,256,463,420,235,60,-9240,496,331,-688,48
16:09:21.733,203,494,524,328,480,437,333,287,381,368,256,453,420,236,-912,-8792,164,328,-603,74
16:09:21.766,203,492,523,326,479,438,333,286,381,367,257,451,420,235,-684,-8728,-204,362,-599,58
16:09:21.783,203,492,523,326,479,438,333,286,381,367,257,451,420,235,-684,-8728,-204,362,-599,58
16:09:21.799,202,492,522,327,477,445,333,286,380,365,256,447,421,235,-424,-8460,-68,377,-532,-7
16:09:21.815,202,493,520,327,475,447,333,284,378,361,255,441,419,234,-324,-7856,-480,446,-573,33
16:09:21.832,202,493,520,327,475,447,333,284,378,361,255,441,419,234,-324,-7856,-480,446,-573,33
16:09:21.865,202,493,520,327,475,447,333,284,378,361,255,441,419,234,-324,-7856,-480,446,-573,33
16:09:21.882,202,493,520,327,475,447,333,284,378,361,255,441,419,234,-324,-7856,-480,446,-573,33
16:09:21.898,202,493,520,327,475,447,333,284,378,361,255,441,419,234,-324,-7856,-480,446,-573,33
16:09:21.915,202,493,520,327,475,447,333,284,378,361,255,441,419,234,-324,-7856,-480,446,-573,33
16:09:21.932,200,489,519,327,472,442,331,280,378,360,253,436,419,234,-28,-8488,-156,521,-319,234
16:09:21.965,201,489,519,326,472,444,332,281,379,358,252,433,418,234,-332,-8616,-372,585,-299,506
16:09:21.981,201,488,518,327,471,447,330,282,378,356,252,432,417,234,-456,-8920,-476,555,-743,412
16:09:21.998,201,488,520,326,472,451,330,285,378,358,253,431,416,233,-340,-9924,-296,710,-285,505
16:09:22.014,201,488,520,326,472,451,330,285,378,358,253,431,416,233,-340,-9924,-296,710,-285,505
16:09:22.031,201,488,520,326,472,451,330,285,378,358,253,431,416,233,-340,-9924,-296,710,-285,505
16:09:22.064,201,487,521,324,472,454,329,288,377,361,258,454,415,233,424,-10096,-1516,1275,-523,645
16:09:22.080,201,487,521,324,472,454,329,288,377,361,258,454,415,233,424,-10096,-1516,1275,-523,645
16:09:22.097,201,487,521,324,472,454,329,288,377,361,258,454,415,233,424,-10096,-1516,1275,-523,645
16:09:22.114,202,491,516,327,472,459,325,289,380,365,263,484,418,234,32,-8996,-1716,1357,-1337,540
16:09:22.130,202,491,516,327,472,459,325,289,380,365,263,484,418,234,32,-8996,-1716,1357,-1337,540
16:09:22.163,204,491,518,328,472,461,328,289,383,366,264,496,421,235,656,-8636,-1572,1398,-1623,644
16:09:22.180,204,491,518,328,472,461,328,289,383,366,264,496,421,235,656,-8636,-1572,1398,-1623,644
16:09:22.197,204,491,518,328,472,461,328,289,383,366,264,496,421,235,656,-8636,-1572,1398,-1623,644
16:09:22.213,201,490,525,325,471,460,326,290,385,366,265,505,425,234,812,-8408,-1460,1569,-1576,542
16:09:22.230,203,491,524,328,476,459,325,288,391,366,271,521,440,235,260,-6808,-1688,1382,-2479,328
16:09:22.263,203,491,524,328,476,459,325,288,391,366,271,521,440,235,260,-6808,-1688,1382,-2479,328
16:09:22.279,203,491,524,328,476,459,325,288,391,366,271,521,440,235,260,-6808,-1688,1382,-2479,328
16:09:22.296,203,491,524,328,476,459,325,288,391,366,271,521,440,235,260,-6808,-1688,1382,-2479,328
16:09:22.313,204,487,529,326,477,463,330,287,393,364,273,520,447,234,724,-6412,-2004,1135,-3055,7
16:09:22.345,208,480,549,325,476,468,343,281,387,359,267,501,450,232,1856,-6360,-1740,366,-3187,-480
16:09:22.362,208,480,549,325,476,468,343,281,387,359,267,501,450,232,1856,-6360,-1740,366,-3187,-480
16:09:22.379,208,480,549,325,476,468,343,281,387,359,267,501,450,232,1856,-6360,-1740,366,-3187,-480
16:09:22.396,208,480,549,325,476,468,343,281,387,359,267,501,450,232,1856,-6360,-1740,366,-3187,-480
16:09:22.412,208,480,549,325,476,468,343,281,387,359,267,501,450,232,1856,-6360,-1740,366,-3187,-480
16:09:22.445,208,480,549,325,476,468,343,281,387,359,267,501,450,232,1856,-6360,-1740,366,-3187,-480
16:09:22.461,208,480,549,325,476,468,343,281,387,359,267,501,450,232,1856,-6360,-1740,366,-3187,-480
16:09:22.478,208,480,549,325,476,468,343,281,387,359,267,501,450,232,1856,-6360,-1740,366,-3187,-480
16:09:22.495,208,480,549,325,476,468,343,281,387,359,267,501,450,232,1856,-6360,-1740,366,-3187,-480
16:09:22.511,208,480,549,325,476,468,343,281,387,359,267,501,450,232,1856,-6360,-1740,366,-3187,-480
16:09:22.545,210,480,555,325,484,470,345,278,384,357,263,492,444,235,1916,-7476,-2304,320,-3310,-679
16:09:22.561,208,479,544,323,485,473,347,278,385,356,263,490,444,233,1976,-7616,-2172,351,-3319,-678
16:09:22.578,210,479,547,323,488,478,350,278,384,356,262,487,446,233,1720,-7440,-2136,337,-3278,-947
16:09:22.594,211,479,544,324,496,490,351,277,385,355,261,483,446,234,1364,-7128,-2136,460,-3148,-1074
16:09:22.611,212,478,539,324,516,514,352,277,385,354,259,483,445,235,1452,-7468,-1788,313,-3380,-1256
16:09:22.644,209,475,562,320,570,552,365,273,389,352,256,478,441,236,-76,-9544,-2172,-542,-4350,-1485
16:09:22.661,209,475,562,320,570,552,365,273,389,352,256,478,441,236,-76,-9544,-2172,-542,-4350,-1485
16:09:22.677,209,475,562,320,570,552,365,273,389,352,256,478,441,236,-76,-9544,-2172,-542,-4350,-1485
16:09:22.694,209,475,562,320,570,552,365,273,389,352,256,478,441,236,-76,-9544,-2172,-542,-4350,-1485
16:09:22.710,211,470,566,323,550,558,365,277,393,350,255,477,441,237,-1052,-9740,-1720,-116,-4224,-1684
16:09:22.743,211,480,592,323,545,576,348,279,391,349,255,475,439,243,-3292,-7492,-2216,-192,-3845,-1497
16:09:22.760,212,480,595,322,543,571,346,279,391,349,254,472,438,242,-3524,-7756,-2512,-307,-4178,-1479
16:09:22.776,212,480,595,322,543,571,346,279,391,349,254,472,438,242,-3524,-7756,-2512,-307,-4178,-1479
16:09:22.793,212,480,595,322,543,571,346,279,391,349,254,472,438,242,-3524,-7756,-2512,-307,-4178,-1479
16:09:22.826,212,476,604,324,534,538,336,277,387,350,252,487,432,241,-2604,-8024,-2036,-39,-5276,-1751
16:09:22.843,212,476,604,324,534,538,336,277,387,350,252,487,432,241,-2604,-8024,-2036,-39,-5276,-1751
16:09:22.859,212,476,604,324,534,538,336,277,387,350,252,487,432,241,-2604,-8024,-2036,-39,-5276,-1751
16:09:22.876,212,477,599,324,536,525,333,274,385,349,252,487,431,241,-3064,-7640,-1968,-94,-5562,-1558
16:09:22.892,212,477,599,324,536,525,333,274,385,349,252,487,431,241,-3064,-7640,-1968,-94,-5562,-1558
16:09:22.926,213,481,551,324,530,513,336,273,388,352,252,495,429,240,-2580,-7388,-1644,116,-6034,-1494
16:09:22.942,213,481,551,324,530,513,336,273,388,352,252,495,429,240,-2580,-7388,-1644,116,-6034,-1494
16:09:22.959,213,481,551,324,530,513,336,273,388,352,252,495,429,240,-2580,-7388,-1644,116,-6034,-1494
16:09:22.976,213,481,551,324,530,513,336,273,388,352,252,495,429,240,-2580,-7388,-1644,116,-6034,-1494
16:09:22.992,213,481,551,324,530,513,336,273,388,352,252,495,429,240,-2580,-7388,-1644,116,-6034,-1494
16:09:23.025,211,480,547,321,530,514,336,272,388,352,252,497,428,241,-2600,-7376,-1804,95,-5908,-1537
16:09:23.042,211,478,525,320,522,513,335,274,390,358,252,503,426,239,-1124,-7012,-1788,-248,-5777,-1341
16:09:23.058,212,476,524,321,518,513,335,275,389,358,252,503,424,239,-1076,-7240,-1784,-519,-5439,-1138
16:09:23.075,212,476,524,321,518,513,335,275,389,358,252,503,424,239,-1076,-7240,-1784,-519,-5439,-1138
16:09:23.091,212,476,524,321,518,513,335,275,389,358,252,503,424,239,-1076,-7240,-1784,-519,-5439,-1138
16:09:23.124,212,466,524,315,505,486,331,275,384,350,250,499,421,239,-1272,-8152,-1736,-587,-4955,-270
16:09:23.140,212,466,524,315,505,486,331,275,384,350,250,499,421,239,-1272,-8152,-1736,-587,-4955,-270
16:09:23.158,212,466,524,315,505,486,331,275,384,350,250,499,421,239,-1272,-8152,-1736,-587,-4955,-270
16:09:23.174,212,466,524,315,505,486,331,275,384,350,250,499,421,239,-1272,-8152,-1736,-587,-4955,-270
16:09:23.190,212,466,524,315,505,486,331,275,384,350,250,499,421,239,-1272,-8152,-1736,-587,-4955,-270
16:09:23.224,212,461,525,313,499,483,328,273,384,348,248,490,421,240,-76,-8144,-1196,-318,-4520,-10
16:09:23.240,212,454,533,313,486,495,324,272,380,346,248,486,421,240,-88,-7704,-1060,-365,-3380,-131
16:09:23.256,212,454,533,313,486,495,324,272,380,346,248,486,421,240,-88,-7704,-1060,-365,-3380,-131
16:09:23.273,212,454,533,313,486,495,324,272,380,346,248,486,421,240,-88,-7704,-1060,-365,-3380,-131
16:09:23.290,212,454,533,313,486,495,324,272,380,346,248,486,421,240,-88,-7704,-1060,-365,-3380,-131
16:09:23.323,211,451,552,312,479,504,326,272,381,345,248,484,421,240,-452,-7204,-916,-572,-3305,-301
16:09:23.339,212,448,592,315,471,519,329,273,390,351,248,471,419,241,-172,-7888,208,-769,-2499,-362
16:09:23.356,212,448,592,315,471,519,329,273,390,351,248,471,419,241,-172,-7888,208,-769,-2499,-362
16:09:23.373,212,448,592,315,471,519,329,273,390,351,248,471,419,241,-172,-7888,208,-769,-2499,-362
16:09:23.406,212,448,592,315,471,519,329,273,390,351,248,471,419,241,-172,-7888,208,-769,-2499,-362
16:09:23.423,215,443,598,316,469,489,334,275,402,359,250,453,420,241,224,-8964,-832,-616,-1327,-100
16:09:23.439,217,442,595,318,468,484,333,276,402,359,250,451,421,242,224,-9592,-1328,-517,-1417,-87
16:09:23.456,217,442,595,318,468,484,333,276,402,359,250,451,421,242,224,-9592,-1328,-517,-1417,-87
16:09:23.472,217,442,595,318,468,484,333,276,402,359,250,451,421,242,224,-9592,-1328,-517,-1417,-87
16:09:23.505,217,442,595,318,468,484,333,276,402,359,250,451,421,242,224,-9592,-1328,-517,-1417,-87
16:09:23.522,217,439,574,314,454,482,322,277,403,358,251,454,422,243,1524,-8104,-1756,-173,-1044,502
16:09:23.538,217,439,574,314,454,482,322,277,403,358,251,454,422,243,1524,-8104,-1756,-173,-1044,502
16:09:23.555,217,439,574,314,454,482,322,277,403,358,251,454,422,243,1524,-8104,-1756,-173,-1044,502
16:09:23.572,217,439,574,314,454,482,322,277,403,358,251,454,422,243,1524,-8104,-1756,-173,-1044,502
16:09:23.605,217,439,574,314,454,482,322,277,403,358,251,454,422,243,1524,-8104,-1756,-173,-1044,502
16:09:23.621,215,437,572,312,454,479,320,276,403,356,250,452,423,243,1592,-8764,-1600,-245,-600,611
16:09:23.637,216,437,567,313,453,475,319,275,402,352,249,453,423,243,916,-8600,-1912,64,-350,295
16:09:23.654,216,437,567,313,453,475,319,275,402,352,249,453,423,243,916,-8600,-1912,64,-350,295
16:09:23.671,216,437,567,313,453,475,319,275,402,352,249,453,423,243,916,-8600,-1912,64,-350,295
16:09:23.704,216,437,567,313,453,475,319,275,402,352,249,453,423,243,916,-8600,-1912,64,-350,295
16:09:23.721,214,434,559,310,452,472,317,272,402,350,250,453,422,242,1476,-7932,-1320,226,-365,162
16:09:23.757,214,434,559,310,452,472,317,272,402,350,250,453,422,242,1476,-7932,-1320,226,-365,162
16:09:23.757,214,434,559,310,452,472,317,272,402,350,250,453,422,242,1476,-7932,-1320,226,-365,162
16:09:23.773,215,433,554,311,453,469,316,272,399,349,249,462,422,241,1464,-8132,-1604,479,-732,-7
16:09:23.806,215,433,554,311,453,469,316,272,399,349,249,462,422,241,1464,-8132,-1604,479,-732,-7
16:09:23.823,215,432,553,310,452,462,315,270,396,348,247,482,421,240,1160,-8040,-1848,1027,-877,-168
16:09:23.839,215,432,553,310,452,462,315,270,396,348,247,482,421,240,1160,-8040,-1848,1027,-877,-168
16:09:23.856,215,432,553,310,452,462,315,270,396,348,247,482,421,240,1160,-8040,-1848,1027,-877,-168
16:09:23.873,215,432,553,310,452,462,315,270,396,348,247,482,421,240,1160,-8040,-1848,1027,-877,-168
16:09:23.905,215,432,553,310,452,462,315,270,396,348,247,482,421,240,1160,-8040,-1848,1027,-877,-168
16:09:23.922,214,431,552,308,454,462,315,270,396,349,247,487,420,240,1348,-8012,-1920,1103,-895,-168
16:09:23.939,214,431,548,305,453,465,316,271,397,350,245,505,414,239,1188,-7916,-2128,1245,-876,-115
16:09:23.955,213,431,547,306,460,470,317,270,398,351,244,511,414,238,1220,-8096,-2132,1156,-598,-29
16:09:23.973,211,431,556,305,459,477,316,270,398,352,245,514,413,237,772,-7916,-2180,1167,-548,-40
16:09:24.005,211,434,559,306,458,489,315,271,399,352,245,521,411,237,528,-7656,-2312,1150,-740,119
16:09:24.021,211,433,562,305,459,492,315,270,400,353,244,523,411,237,340,-7564,-2616,1036,-765,170
16:09:24.038,211,433,562,305,459,492,315,270,400,353,244,523,411,237,340,-7564,-2616,1036,-765,170
16:09:24.055,210,435,561,304,461,497,317,270,402,352,245,537,409,236,-392,-7720,-2900,782,-372,235
16:09:24.071,211,436,559,306,461,494,316,271,402,352,246,539,410,236,-624,-7688,-2900,781,-396,118
16:09:24.104,209,437,563,306,463,493,317,270,404,352,246,540,409,236,-648,-7544,-3272,796,-368,-73
16:09:24.121,208,439,567,303,462,493,316,270,409,351,246,539,408,235,-388,-7328,-3196,636,-321,-50
16:09:24.138,210,438,557,304,464,491,316,270,408,351,246,539,408,237,-176,-7368,-2908,512,-428,-133
16:09:24.154,211,439,550,305,465,492,316,270,408,352,244,539,408,237,-84,-7404,-2980,331,-369,-73
16:09:24.171,211,439,550,305,465,492,316,270,408,352,244,539,408,237,-84,-7404,-2980,331,-369,-73
16:09:24.203,211,438,550,305,465,501,313,270,404,352,246,538,408,236,-752,-7748,-3188,167,-731,-80
16:09:24.220,210,439,550,304,466,500,313,268,406,351,246,538,408,236,-312,-7788,-3568,270,-595,33
16:09:24.237,210,439,550,304,466,500,313,268,406,351,246,538,408,236,-312,-7788,-3568,270,-595,33
16:09:24.254,210,437,550,304,466,499,313,270,405,349,247,536,407,236,-324,-7788,-3164,279,-552,45
16:09:24.270,210,437,550,304,466,499,313,270,405,349,247,536,407,236,-324,-7788,-3164,279,-552,45
16:09:24.303,212,439,551,305,465,499,313,269,405,350,246,536,408,236,-404,-7556,-3096,305,-837,-27
16:09:24.320,212,439,551,305,465,499,313,269,405,350,246,536,408,236,-404,-7556,-3096,305,-837,-27
16:09:24.336,211,436,551,305,464,506,311,268,403,349,245,537,407,238,-32,-7372,-3140,283,-1193,69
16:09:24.353,210,435,552,304,465,507,309,267,403,348,245,539,408,239,-424,-7556,-3260,258,-1071,-50
16:09:24.386,210,435,552,304,465,507,309,267,403,348,245,539,408,239,-424,-7556,-3260,258,-1071,-50
16:09:24.402,210,435,552,304,465,507,309,267,403,348,245,539,408,239,-424,-7556,-3260,258,-1071,-50
16:09:24.419,208,434,553,303,460,506,307,267,403,347,244,539,410,239,-504,-7576,-3264,247,-1173,-86
16:09:24.436,210,433,566,303,461,512,307,267,402,347,242,535,410,239,-240,-7460,-3324,199,-803,17
16:09:24.452,210,433,566,303,461,512,307,267,402,347,242,535,410,239,-240,-7460,-3324,199,-803,17
16:09:24.485,210,433,566,303,461,512,307,267,402,347,242,535,410,239,-240,-7460,-3324,199,-803,17
16:09:24.502,210,433,566,303,461,512,307,267,402,347,242,535,410,239,-240,-7460,-3324,199,-803,17
16:09:24.518,210,433,566,303,461,512,307,267,402,347,242,535,410,239,-240,-7460,-3324,199,-803,17
16:09:24.535,210,430,575,301,460,517,308,266,399,344,240,530,411,239,168,-7744,-3216,151,-910,18
16:09:24.552,210,426,592,300,458,510,307,267,396,343,240,521,410,240,-248,-7484,-3140,266,-547,43
16:09:24.585,210,426,592,300,458,510,307,267,396,343,240,521,410,240,-248,-7484,-3140,266,-547,43
16:09:24.601,210,426,592,300,458,510,307,267,396,343,240,521,410,240,-248,-7484,-3140,266,-547,43
16:09:24.618,211,424,591,301,453,502,306,266,395,341,239,515,410,239,-188,-7556,-3568,268,-541,67
16:09:24.635,211,424,591,301,453,502,306,266,395,341,239,515,410,239,-188,-7556,-3568,268,-541,67
16:09:24.651,211,423,591,301,456,497,308,266,396,340,239,514,409,239,-256,-7452,-3084,318,-1003,52
16:09:24.684,211,421,589,301,455,493,305,266,395,340,239,514,409,240,-180,-7628,-3424,286,-993,66
16:09:24.701,211,421,589,301,455,493,305,266,395,340,239,514,409,240,-180,-7628,-3424,286,-993,66
16:09:24.717,210,420,591,300,455,487,307,267,394,339,239,511,409,240,-152,-7508,-3332,314,-987,91
16:09:24.734,210,422,590,300,455,481,307,267,394,338,239,510,409,239,220,-7264,-3480,259,-558,-41
16:09:24.751,210,422,590,300,455,481,307,267,394,338,239,510,409,239,220,-7264,-3480,259,-558,-41
16:09:24.783,210,422,590,300,455,481,307,267,394,338,239,510,409,239,220,-7264,-3480,259,-558,-41
16:09:24.801,210,422,590,300,455,481,307,267,394,338,239,510,409,239,220,-7264,-3480,259,-558,-41
16:09:24.817,210,422,590,300,455,481,307,267,394,338,239,510,409,239,220,-7264,-3480,259,-558,-41
16:09:24.833,211,421,590,300,455,476,308,266,394,338,239,510,409,239,-136,-7368,-3504,226,-520,-5
16:09:24.850,212,421,590,302,455,471,309,267,393,338,240,512,407,239,-136,-7444,-3148,266,-873,-110
16:09:24.883,212,421,590,302,455,471,309,267,393,338,240,512,407,239,-136,-7444,-3148,266,-873,-110
16:09:24.899,212,421,590,302,455,471,309,267,393,338,240,512,407,239,-136,-7444,-3148,266,-873,-110
16:09:24.916,212,420,590,301,454,469,308,268,392,338,240,516,408,239,-72,-7396,-3468,131,-835,-65
16:09:24.933,212,420,588,302,454,466,309,268,392,338,240,519,407,240,-232,-7472,-3108,128,-817,-8
16:09:24.950,212,420,588,302,454,466,309,268,392,338,240,519,407,240,-232,-7472,-3108,128,-817,-8
16:09:24.982,212,420,588,302,454,466,309,268,392,338,240,519,407,240,-232,-7472,-3108,128,-817,-8
16:09:24.999,212,420,588,302,454,466,309,268,392,338,240,519,407,240,-232,-7472,-3108,128,-817,-8
16:09:25.015,212,420,588,302,454,466,309,268,392,338,240,519,407,240,-232,-7472,-3108,128,-817,-8
16:09:25.032,211,420,588,301,453,466,310,268,392,338,240,521,407,239,216,-7620,-3516,145,-890,25
16:09:25.066,212,421,579,301,450,461,307,267,390,336,241,524,406,240,172,-7284,-3180,151,-529,87
16:09:25.082,212,421,579,301,450,461,307,267,390,336,241,524,406,240,172,-7284,-3180,151,-529,87
16:09:25.098,212,421,579,301,450,461,307,267,390,336,241,524,406,240,172,-7284,-3180,151,-529,87
16:09:25.115,212,422,575,301,451,458,307,264,388,335,242,524,406,240,-212,-7460,-3536,85,-979,34
16:09:25.131,212,422,575,301,451,458,307,264,388,335,242,524,406,240,-212,-7460,-3536,85,-979,34
16:09:25.164,211,422,574,303,450,458,306,265,387,336,243,524,407,241,-124,-7420,-3468,23,-569,67
16:09:25.182,211,422,574,303,450,458,306,265,387,336,243,524,407,241,-124,-7420,-3468,23,-569,67
16:09:25.198,211,422,571,303,450,458,305,265,387,335,242,524,407,240,-164,-7572,-3128,11,-1010,114
16:09:25.214,210,421,573,301,450,455,305,263,387,335,243,520,407,241,-200,-7468,-3232,5,-989,-6
16:09:25.231,211,421,573,302,450,456,305,263,387,335,243,519,407,240,-160,-7376,-3252,-12,-1011,41
16:09:25.264,211,421,573,302,450,456,305,263,387,335,243,519,407,240,-160,-7376,-3252,-12,-1011,41
16:09:25.281,211,421,573,302,450,456,305,263,387,335,243,519,407,240,-160,-7376,-3252,-12,-1011,41
16:09:25.297,211,421,573,302,450,456,305,263,387,335,243,519,407,240,-160,-7376,-3252,-12,-1011,41
16:09:25.314,211,421,573,302,450,456,305,263,387,335,243,519,407,240,-160,-7376,-3252,-12,-1011,41
16:09:25.330,211,420,566,301,449,451,303,262,386,334,242,516,405,240,-200,-7668,-3308,-13,-957,20
16:09:25.363,211,419,568,302,447,450,303,262,385,333,241,511,404,240,-244,-7648,-3192,70,-833,42
16:09:25.380,211,419,568,302,447,450,303,262,385,333,241,511,404,240,-244,-7648,-3192,70,-833,42
16:09:25.397,211,419,568,302,447,450,303,262,385,333,241,511,404,240,-244,-7648,-3192,70,-833,42
16:09:25.413,210,420,566,301,447,449,301,261,384,334,242,511,403,240,228,-7640,-3200,17,-791,-2
16:09:25.430,211,418,564,301,447,447,303,261,384,333,240,510,401,239,208,-7500,-3256,3,-842,-20
16:09:25.463,210,418,564,300,447,447,302,261,383,333,240,508,402,239,52,-7612,-3168,-5,-836,-10
16:09:25.479,210,418,562,302,446,447,300,261,383,333,240,508,403,240,96,-7616,-2880,14,-860,32
16:09:25.496,208,417,563,297,447,447,300,260,383,333,239,508,403,239,196,-7748,-3216,122,-898,72
16:09:25.512,209,417,563,298,447,446,301,261,382,333,240,508,402,239,-236,-7676,-3272,54,-834,96
16:09:25.546,210,417,562,300,446,447,300,260,382,332,239,507,402,239,168,-7756,-3204,138,-880,15
16:09:25.562,210,416,562,300,444,445,299,260,382,332,239,506,400,239,72,-7584,-2828,149,-886,106
16:09:25.579,210,416,562,300,444,445,299,260,382,332,239,506,400,239,72,-7584,-2828,149,-886,106
16:09:25.595,210,416,562,300,444,445,299,260,382,332,239,506,400,239,72,-7584,-2828,149,-886,106
16:09:25.612,210,416,562,300,444,445,299,260,382,332,239,506,400,239,72,-7584,-2828,149,-886,106
16:09:25.645,210,415,560,299,446,440,299,259,383,331,237,504,400,238,140,-7508,-3248,188,-977,171
16:09:25.661,210,415,560,299,446,440,299,259,383,331,237,504,400,238,140,-7508,-3248,188,-977,171
16:09:25.678,210,415,560,299,446,440,299,259,383,331,237,504,400,238,140,-7508,-3248,188,-977,171
16:09:25.695,210,415,560,299,446,440,299,259,383,331,237,504,400,238,140,-7508,-3248,188,-977,171
16:09:25.711,210,415,560,299,446,440,299,259,383,331,237,504,400,238,140,-7508,-3248,188,-977,171
16:09:25.744,209,414,558,297,443,438,298,259,380,331,237,501,399,239,156,-7524,-3084,130,-854,97
16:09:25.761,209,414,558,297,443,438,298,259,380,331,237,501,399,239,156,-7524,-3084,130,-854,97
16:09:25.777,209,414,558,297,443,438,298,259,380,331,237,501,399,239,156,-7524,-3084,130,-854,97
16:09:25.794,209,414,558,297,443,438,298,259,380,331,237,501,399,239,156,-7524,-3084,130,-854,97
16:09:25.811,209,414,558,297,443,438,298,259,380,331,237,501,399,239,156,-7524,-3084,130,-854,97
16:09:25.844,209,413,558,298,444,437,298,258,378,330,237,498,399,238,504,-7596,-3304,132,-795,49
16:09:25.860,209,412,559,298,443,438,298,258,378,331,236,497,398,237,104,-7456,-3312,90,-830,155
16:09:25.877,209,412,559,298,443,438,298,258,378,331,236,497,398,237,104,-7456,-3312,90,-830,155
16:09:25.893,209,412,559,298,443,438,298,258,378,331,236,497,398,237,104,-7456,-3312,90,-830,155
16:09:25.910,208,413,560,297,443,437,297,258,376,330,236,498,398,237,484,-7504,-3208,35,-807,47
16:09:25.943,208,413,558,297,441,437,298,258,376,330,236,498,398,237,288,-7712,-3224,105,-854,34
16:09:25.960,208,413,558,297,441,437,298,258,376,330,236,498,398,237,288,-7712,-3224,105,-854,34
16:09:25.976,208,413,558,297,441,437,298,258,376,330,236,498,398,237,288,-7712,-3224,105,-854,34
16:09:25.993,208,413,558,297,441,437,298,258,376,330,236,498,398,237,288,-7712,-3224,105,-854,34
16:09:26.026,208,412,560,297,441,436,298,257,375,330,236,498,397,237,344,-7500,-3220,57,-800,55
16:09:26.043,208,412,559,296,441,436,298,258,375,330,235,497,396,237,396,-7528,-2988,157,-950,70
16:09:26.060,208,412,559,296,441,436,298,258,375,330,235,497,396,237,396,-7528,-2988,157,-950,70
16:09:26.076,208,412,559,296,441,436,298,258,375,330,235,497,396,237,396,-7528,-2988,157,-950,70
16:09:26.092,208,412,559,296,441,436,298,258,375,330,235,497,396,237,396,-7528,-2988,157,-950,70
16:09:26.125,208,412,558,295,440,432,298,258,374,330,236,494,396,237,380,-7608,-2832,27,-1007,83
16:09:26.142,208,411,557,296,440,435,298,257,374,329,236,496,396,236,128,-7664,-2824,69,-537,125
16:09:26.159,208,411,557,296,440,435,298,257,374,329,236,496,396,236,128,-7664,-2824,69,-537,125
16:09:26.175,208,411,557,296,440,435,298,257,374,329,236,496,396,236,128,-7664,-2824,69,-537,125
16:09:26.191,208,411,557,296,440,435,298,257,374,329,236,496,396,236,128,-7664,-2824,69,-537,125
16:09:26.225,207,411,556,295,439,434,298,258,373,330,235,495,398,237,488,-7692,-3272,119,-946,99
16:09:26.241,208,412,556,295,439,435,299,257,373,329,235,495,396,237,344,-7620,-2928,132,-925,36
16:09:26.258,208,412,556,295,439,435,299,257,373,329,235,495,396,237,344,-7620,-2928,132,-925,36
16:09:26.274,208,412,556,295,439,435,299,257,373,329,235,495,396,237,344,-7620,-2928,132,-925,36
16:09:26.291,208,412,556,295,439,435,299,257,373,329,235,495,396,237,344,-7620,-2928,132,-925,36
16:09:26.324,208,412,556,295,439,435,299,257,373,329,235,495,396,237,344,-7620,-2928,132,-925,36
16:09:26.341,207,411,556,294,439,434,299,257,373,329,235,495,396,236,52,-7608,-2820,137,-937,74
16:09:26.357,208,411,555,293,439,432,299,257,374,330,234,495,395,236,376,-7656,-3276,189,-943,-22
16:09:26.374,208,411,555,293,439,432,299,257,374,330,234,495,395,236,376,-7656,-3276,189,-943,-22
16:09:26.391,208,411,555,293,439,432,299,257,374,330,234,495,395,236,376,-7656,-3276,189,-943,-22
16:09:26.424,207,411,555,295,439,432,300,257,373,329,235,495,396,236,328,-7680,-2884,199,-940,34
16:09:26.440,207,411,555,295,439,432,297,257,374,329,234,495,395,236,360,-7592,-3224,140,-898,-40
16:09:26.457,207,411,555,295,439,432,297,257,374,329,234,495,395,236,360,-7592,-3224,140,-898,-40
16:09:26.473,207,411,555,295,439,432,297,257,374,329,234,495,395,236,360,-7592,-3224,140,-898,-40
16:09:26.490,207,411,555,295,439,432,297,257,374,329,234,495,395,236,360,-7592,-3224,140,-898,-40
16:09:26.523,207,411,555,295,439,432,297,257,374,329,234,495,395,236,360,-7592,-3224,140,-898,-40
16:09:26.540,207,411,555,295,439,433,299,256,373,329,235,496,395,236,484,-7672,-3144,142,-913,-22
